id_books,name,author,career
1,Quill,Lanny Saunderson,32
2,Death of a Cyclist (Muerte de un ciclista),Corella Maith,19
3,Dear God,Shay Caldecott,14
4,"Black Sleep, The",Jake Samart,10
5,"Danube Exodus, The",Lorrin Sinkins,32
6,Tribute,Kass O'Gormally,24
7,Kansas City,Darbee Ferneley,8
8,How to Make a Monster,Andee Gawthorpe,4
9,Brief Encounter,Peter Dainton,9
10,Hostage,Doreen Belliss,16
11,Jersey Boys,Lutero Polgreen,25
12,Grizzly Man,Godwin Engeham,8
13,Snow Dogs,Waldon Kinnane,10
14,Asylum,Briano Baythorp,16
15,"Paramore Live, the Final Riot!",Ange Rowthorn,24
16,McQ,Lidia Malshinger,25
17,Major Movie Star,Jed Spickett,21
18,Stag,Romeo Devons,31
19,No Time for Comedy,Zena Sharratt,21
20,Electile Dysfunction,Rhodie Stormonth,26
21,Bullet,Wini Prestige,11
22,Little Big Man,Travers Messam,19
23,"Acid House, The",Ase Angrick,2
24,"Twonky, The",Eolanda Jarman,10
25,"Fabulous Baker Boys, The",Frasco Vedeniktov,25
26,Extraterrestrial (Extraterrestre),Whitaker Van Hove,16
27,Phantom (O Fantasma),Nannie Bartholomaus,36
28,Lawn Dogs,Brendis Darrel,18
29,Hunk,Con Prester,5
30,Secret Admirer,Aldwin Berthon,25
31,Everything Put Together,Modesty Alastair,5
32,The Wonders,Corrinne Juett,5
33,"Disappearance of Eleanor Rigby: Them, The",Alexandre McPhail,7
34,She Wore a Yellow Ribbon,Sheryl Phippard,23
35,American Hustle,Ninetta Durbyn,16
36,Biggles,Rolando Sparkwill,35
37,Keep Your Right Up,Kip Barles,12
38,"Barrens, The",Tanhya Robberts,17
39,Wonder Boys,Sisile Dinnis,32
40,"Seventh Victim, The",Carter O'Sherrin,34
41,Oh Happy Day,Noelyn Jurzyk,17
42,Bellissima,Barrie Iacovolo,23
43,"South, The (Sur)",Batholomew Barkley,2
44,Kings Row,Boris Yesichev,15
45,Waking Ned Devine (a.k.a. Waking Ned),Garek Cudihy,18
46,Seven Swords (Chat gim),Bert Bunny,13
47,"Viking, The",Sloan Sime,19
48,City of Hope,Tamas Hyne,16
49,Downhill Racer,Lexis Oxtoby,36
50,"Everlasting Piece, An",Tracie Durgan,24
51,Titan A.E.,Kandy Novill,8
52,Spacehunter: Adventures in the Forbidden Zone,Valera Marchello,13
53,Bloody Murder 2: Closing Camp,Collie Didball,25
54,"Wonderful, Horrible Life of Leni Riefenstahl, The (Macht der Bilder: Leni Riefenstahl, Die)",Diane Rothert,3
55,Windstruck (Nae yeojachingureul sogae habnida),Edy Brister,33
56,Dead Calm,Nikkie Crissil,19
57,Ragnarok,Ahmad Simoncello,3
58,When the Last Sword is Drawn (Mibu gishi den),Stephie Mose,15
59,In Search of the Castaways,Fredra Pettican,29
60,Cool Runnings,Karlotta Yeiles,4
61,4:44 Last Day on Earth,Dulciana Napolitano,15
62,William Shakespeare's Romeo + Juliet,Germain Puckett,6
63,Clockstoppers,Meredith Dutteridge,19
64,De-Lovely,Nesta Gammet,27
65,P.S. Your Cat is Dead,Lari Fieldsend,9
66,"Flying Leathernecks, The",Griffie Darlow,17
67,Grand Masti,Jeremie Lauthian,5
68,"Molly Maguires, The",Clarice Ianne,16
69,"Cabin in the Woods, The",Reamonn Chipman,17
70,Big Jake,Timmi Climar,35
71,Sweetie,Austine Coyle,34
72,The Shooting,Gianni Fradgley,13
73,"Hollow Crown, The",Tadio Balam,12
74,Virus X,Emelita Vennings,25
75,Jellyfish (Meduzot),Archaimbaud Steptoe,25
76,"Book of Life, The",Cesya Pleasaunce,31
77,Caught Inside,Kay Clemmens,13
78,"Wedding Party, The (Die Bluthochzeit)",Mannie Toopin,27
79,Dream Land,Cortney Byrom,25
80,Eat,Ali Tandy,28
81,The Package,Quint Darrington,12
82,Rio,Corbin Bonnell,33
83,"Wind and the Lion, The",Eden Gorvin,27
84,Rocky V,Lillis Rickardes,33
85,Kicked in the Head,Clerissa Brazener,1
86,Holocaust,Yulma Campo,8
87,"Scarecrow, The",Beniamino Youle,6
88,Filly Brown,Arlen Pavlovic,35
89,Berlin Is in Germany,Annabal Brill,19
90,"Hijacking Catastrophe: 9/11, Fear & the Selling of American Empire",Edith Opy,32
91,Till Human Voices Wake Us,Merrile O'Mailey,20
92,Gardenia,Jeannette Jarratt,35
93,Horns,Saxon Fudger,5
94,"Three and Out (Deal Is a Deal, A)",Flss Clapison,26
95,Santa Claus,Meir Betz,2
96,My Piece of the Pie (Ma part du gâteau),Aile Andrat,11
97,Nina Takes a Lover,Grover Polak,17
98,Down From the Mountain,Winonah Dudden,36
99,I Am Dina,Kellsie Gockelen,26
100,"Single Girl, A (Fille seule, La)",Greta Wenderott,22
101,T.N.T.,Klarika Arber,10
102,Black Girl (La noire de...),Aurelia Beach,18
103,Yamakasi - Les samouraïs des temps modernes,Augie Fintoph,5
104,Red Corner,Blanca Leckey,36
105,Vessel of Wrath,Yanaton Belcher,4
106,"Unbelievable Truth, The",Sim Eldred,25
107,Daria: Is It College Yet?,Shirline Bigglestone,13
108,Quand je serai petit,Biddie Chaldecott,33
109,"Friend of the Deceased, A (Priyatel pokonika)",Sheena Eadon,33
110,Joy of Sex,Larina Vigrass,29
111,"Kid for Two Farthings, A",Yetta O'Crowley,3
112,Eaten Alive (Mangiati Vivi),Pincus Baldacco,4
113,Two Days in April,Dulcy Fripps,26
114,Do Fish Do It? (Fickende Fische),Shannah Bestar,29
115,"Intern, The",Bart Wimpenny,1
116,Biker Boyz,Byrann Froome,5
117,"King of Marvin Gardens, The",Alessandra Dubois,24
118,"Place Promised in Our Early Days, The (Kumo no mukô, yakusoku no basho)",Daveen Ditchfield,3
119,Nightwing,Cesya Emmer,6
120,Alan & Naomi,Leticia Heinschke,10
121,Killer Bean 2: The Party,Vassili Langforth,17
122,Objectified,Krissy Reyson,5
123,From Time to Time,Brenden Lissenden,22
124,Rivers and Tides,Myrwyn Adshede,16
125,"Prowler, The (a.k.a. Rosemary's Killer) (a.k.a. The Graduation)",Lilas Longfellow,21
126,Girl of the Golden West,Deeann Obin,26
127,Black Rainbow,Joannes Sambell,34
128,Carry On Teacher,Giulio Cumber,18
129,Zarafa,Dasya Catcheside,10
130,Left Behind II: Tribulation Force,Trix Gavin,3
131,House by the River,Val Keighly,22
132,La Putain du roi,Venus Winsper,14
133,We Are What We Are (Somos lo que hay),Betsey Hughson,29
134,"Letter, The",Bernelle Corns,13
135,Joyful Noise,Rafaello Luggar,9
136,The Pirates,Shauna Varley,31
137,Attila (Attila the Hun),Dennie Peachey,17
138,"Cimarron Kid, The",Theodora Huston,22
139,"Affair of the Necklace, The",Galvin Jerromes,10
140,Uncovered,Gustavus Tomasik,22
141,Valley Girl,Pietra Agronski,12
142,Twice Upon a Time,Kaitlyn O'Mullaney,16
143,Promise Me This (Zavet),Bennie Netherclift,23
144,Batman & Mr. Freeze: Subzero,Nye Reinbech,7
145,Woochi: The Demon Slayer,Kort Syres,9
146,Root of All Evil?,Raine Hurton,36
147,Torpedo Bombers (Torpedonostsy),Llewellyn Whitlam,26
148,The Second Best Exotic Marigold Hotel,Thorstein Petrovsky,10
149,Our Paradise (Notre paradis),Corena Petto,32
150,May Fools (Milou en mai),Cornelle Lindenberg,9
151,Weekend (a.k.a. Le Week-end) (Week End),Cindelyn Scothern,15
152,"Take Her, She's Mine",Rouvin Pardue,2
153,"Millionaire for Christy, A (Golden Goose) (No Room for the Groom)",Josy Pickless,25
154,Nightfall,My Benting,20
155,Tarzan the Fearless,Andee Leeb,8
156,Randy and the Mob,Audra Peres,30
157,Eyes of an Angel,Torin Lanmeid,24
158,"Fifth Estate, The",Ira Paulsson,23
159,Swimming,Briggs Whaplington,20
160,Geri's Game,Jacenta Hazeldene,29
161,Stoned,Brianna Carrier,6
162,Dancer in the Dark,Fredi Sinney,29
163,The Hire: Beat the Devil,Fabien Foulstone,19
164,Absolute Beginners,Sue Crisford,2
165,Breaking and Entering,Avis Goodlett,21
166,FBI: Frikis buscan incordiar,Bonnibelle Gillfillan,3
167,"Official Story, The (La historia oficial)",Aleen Turbat,12
168,28 Hotel Rooms,Hermine Dent,20
169,Rubin and Ed,Candide Roskams,27
170,Kill Your Darlings,Hernando Ibarra,14
171,Bis zum Ellenbogen,Caroljean Klimes,26
172,Mean Creek,Carie Gronav,17
173,Gamera vs. Jiger,Grissel Hollidge,16
174,Bananas,Tammie Kemmett,10
175,Trainer on the Beach 2,Matteo Harris,25
176,Genius Within: The Inner Life of Glenn Gould,Enrico Matyashev,10
177,Robot Monster,Johanna Monnoyer,4
178,Tommy,Nevil Cullington,15
179,Coma,Sabine Hartil,8
180,Pirates of the Caribbean: The Curse of the Black Pearl,Eimile Vynarde,20
181,Charm School (Niñas mal),Carey Ciccerale,20
182,"Union: The Business Behind Getting High, The",Noami Brodeur,27
183,The Police Can't Move,Melonie Pawelek,32
184,Hunger,Ado Player,28
185,"Rock, The",Lura Tewkesbury.,15
186,Cass Timberlane,Fulvia Broggelli,25
187,Betty,Marjorie Mildmott,18
188,Familia,Isaak Grumbridge,34
189,Smilin' Through,Aprilette Raison,8
190,"Devil Wears Prada, The",Alicia Pavlik,7
191,The Time of Their Lives,Claudie Bromet,4
192,Basket Case,Juan Brake,25
193,King David,Alessandra McTeague,3
194,Miss Météo,Elliott Duxbury,23
195,My Blue Heaven,Amelie Derle,21
196,Yi Yi,Andrea Speachley,33
197,Coming Home,Mortie Bachnic,28
198,Batman & Mr. Freeze: Subzero,Gaspar Quantrell,9
199,Mystery Date,Korey Dinesen,33
200,"Vow, The",Eleonora Toffaloni,11
201,Basic Instinct,Andrea Candey,34
202,Misery,Wandis Hirche,1
203,"Last King of Scotland, The",Brigit Belbin,26
204,Zombie (a.k.a. Zombie 2: The Dead Are Among Us) (Zombi 2),Inger Barnhill,29
205,Ghoulies III: Ghoulies Go to College,Susi Renneke,15
206,Camp Hell,Murray Jurgen,26
207,"Battle of the Sexes, The",Brett Trenbay,27
208,"Invisible Ray, The",Amii Coslitt,34
209,Talladega Nights: The Ballad of Ricky Bobby,Suzann Zealander,3
210,All About Lola (Ce que je sais de Lola) (Lo que sé de Lola),Delmore Hasselby,11
211,Inserts,Sherline Ryce,12
212,Go West,Dotti Anfossi,20
213,Trick 'r Treat,Alyce Whacket,3
214,Enchantment,Ardra Cogan,24
215,"Drawn Together Movie: The Movie!, The",Dolley Berriman,27
216,Trek Nation,Garry Hanselmann,2
217,"Story of Us, The",Beatrisa Kmicicki,34
218,"Stolen Collection, (Skradziona kolekcja)",Shay Giannazzo,27
219,Spacehunter: Adventures in the Forbidden Zone,Artie Cordoba,31
220,"Steam Experiment, The",Dorice Hiland,29
221,"Leaning Tower, The (Kalteva torni)",Lynnea Zielinski,33
222,"Horse in the Gray Flannel Suit, The",Rosy Bulleyn,12
223,"Cow, The (Gaav)",Nikolas Bletsor,28
224,Lisa,Mikol Sweet,18
225,Body of Water (Syvälle salattu),Idalia Speakman,5
226,Always for Pleasure,Phyllys Ickovitz,23
227,Deadly Outlaw: Rekka (a.k.a. Violent Fire) (Jitsuroku Andô Noboru kyôdô-den: Rekka),Hermon Bonnet,33
228,Casual Relations,Corny Murrison,18
229,"Corridors of Time: The Visitors II, The (Couloirs du temps: Les visiteurs 2, Les)",Enrico Cantos,35
230,I Heart Monster Movies,Farand Reah,15
231,Millhaven,Adan Rollo,5
232,Nothing to Lose,Pauli Grindle,17
233,Mickey One,Hestia Whorlton,33
234,"American Crime, An",Emlynne Lickorish,15
235,Cover-Up,Kath Spoure,16
236,Princess Tam-Tam (Princesse Tam-Tam),Brear Garrow,29
237,Americano,Sibyl Berling,1
238,Vice Squad,Valida Sutton,36
239,Beethoven's Treasure Tail,Xymenes Umfrey,27
240,"Physician, The",Aguistin McPeice,12
241,21 tapaa pilata avioliitto,Jobye Dammarell,4
242,Highlander II: The Quickening,Myranda Sawart,9
243,"Dying Swan, The (Umirayushchii lebed)",Calv Everal,23
244,"Danger! 50,000 Zombies",Kearney Casado,30
245,Don't Be Afraid of the Dark,Merell Spelwood,18
246,Casshern,Randene Jefferd,6
247,Girls About Town,Christine Seint,9
248,Mad Love,Pooh Rosenshine,13
249,Vääpeli Körmy ja kahtesti laukeava,Gavra Kowalik,32
250,R.S.V.P. ,Magdalen Davidsohn,23
251,More Dead Than Alive,Madelin Pexton,33
252,Snowriders,Walliw Prangley,36
253,Youth Without Youth,Yevette Skarin,23
254,"Countess, The",Vito Franceschi,12
255,Killer Joe,Marcos Malley,20
256,"King in New York, A",Tessy Scimonelli,32
257,"Hero: Love Story of a Spy, The",Gasparo Veeler,10
258,M for Mother (Mim mesle madar),Julius Acres,28
259,"Leech Woman, The",Vasily Cooksey,23
260,Charlie St. Cloud,Romola Rubie,9
261,Bridegroom,Melantha Lambillion,14
262,A Home at the End of the World,Mirna Yerlett,34
263,"Reflecting Skin, The",Ardyce Mariel,2
264,Crime of Passion,Kelby Reichartz,12
265,"Wedding Date, The",Cirilo Hanks,9
266,It's a Bikini World,Bowie Roxbee,8
267,Amazon Women on the Moon,Hildy Astell,1
268,Broadway Danny Rose,Shea Conford,5
269,Quicksilver Highway,Alisha Cosyns,7
270,"Fireman, The",Orel Graalman,24
271,13 Lakes,Querida McVie,36
272,Bound by Flesh ,Norri Keri,30
273,2012: Supernova,Jessie Pease,20
274,Muddy River,Fawnia Lomax,26
275,Amazonia,Kort Bairnsfather,2
276,Bombay Beach,Tessi Enrigo,36
277,Bengazi,Doy Whalley,14
278,Varsity Blues,Rebecka Walak,3
279,"Yacoubian Building, The (Omaret yakobean)",Denney Duley,23
280,"Black Heaven (L'autre monde) (Other World, The)",Sarena Grandin,33
281,Whose Life Is It Anyway?,Ariella Feavyour,31
282,Gurren Lagann: Childhood's End (Gekijô ban Tengen toppa guren ragan: Guren hen),Kelby Huitt,6
283,Miss Sadie Thompson,Mahalia Bulley,35
284,"Circus, The",Shawnee Stranaghan,5
285,Ricky Gervais Live: Animals,Helge Dumbell,31
286,Friday the 13th Part VIII: Jason Takes Manhattan,Lennie Gronauer,11
287,The Fault in Our Stars,Krispin Dehn,14
288,Party Monster,Harrietta Molan,8
289,"Inn of the Sixth Happiness, The",Latisha Dimic,7
290,"Aries Spears: Hollywood, Look I'm Smiling",Aime Rickertsen,27
291,All the Right Moves,Debi Potapczuk,5
292,Sword of the Beast (Kedamono no ken),Arie Fetherstonhaugh,13
293,French Roast,Neville Zannolli,25
294,Pirates of the Caribbean: The Curse of the Black Pearl,Charmion Leijs,30
295,"Vampir (Cuadecuc, vampir)",Boonie Forge,34
296,"Barrens, The",Myrilla Masey,28
297,Möbius,Camala Chaimson,1
298,"Cry, the Beloved Country",Lonni Kenningham,20
299,Good Bye (Bé omid é didar),Kimberlee Lossman,17
300,Serenity,Gene Joderli,8
301,"Discreet Charm of the Bourgeoisie, The (Charme discret de la bourgeoisie, Le)",Genni Podd,32
302,Dreamworld,Faun Slevin,26
303,For Roseanna (Roseanna's Grave),Maurene Tunesi,30
304,"Lawless Heart, The",Dolorita Siemantel,12
305,Accident (Yi ngoi),Kimbra Rubury,21
306,We Were Soldiers,Margery Ree,27
307,"Adventures of Huckleberry Finn, The",Lorin Wilkins,25
308,"Snow on the Pines, The",Kay Moncreif,8
309,Crips and Bloods: Made in America,Tracey Cars,25
310,"Bobby Jones, Stroke of Genius",Philippine Halfhead,24
311,They All Laughed,Pietrek Blaxland,16
312,Knock on Any Door,Chlo Scrimshire,16
313,Godzilla 2000 (Gojira ni-sen mireniamu),Loria Farge,6
314,I Got the Hook Up,Montague Ridgwell,22
315,Yo Yo (Yoyo),Isaiah Lawdham,34
316,Sachs' Disease (La maladie de Sachs),Brinna Sexty,20
317,"Streaks, The (Pregi)",Rosanna Sherrock,25
318,9 Month Stretch (9 mois ferme),Samaria Simnell,29
319,Walking with Monsters,Ezechiel O' Borne,7
320,Nanking,Carolyn Braksper,14
321,Conquest,Lizzie Walduck,30
322,"Dark Mirror, The",Basilio Lowy,11
323,"Hunt, The (Caza, La)",Zia Hambers,12
324,"Time Traveler's Wife, The",Lawry Main,5
325,"Simple-Minded Murder, The (Enfaldige mördaren, Den)",Alaine Gatchell,31
326,"Unholy Three, The",Waverly Binding,21
327,The Bone Snatcher,Jenelle Skip,19
328,Creature,May Paprotny,16
329,Beau Brummell: This Charming Man,Karrie Foden,23
330,"Escapist, The",Carrol Olexa,20
331,Help! I'm A Fish,Devlin Jagiela,32
332,"Counselor, The",Burty Rix,18
333,The Nautical Chart,Cindra Signori,31
334,Do Not Disturb,Langston Summersby,26
335,"Corrina, Corrina",Paige Orrice,31
336,Tremors,Hebert Polding,30
337,My Life and Times With Antonin Artaud (En compagnie d'Antonin Artaud),Cass McClarence,9
338,"Haunted World of El Superbeasto, The",Merle Earnshaw,14
339,Madison Avenue,Pauly Philipeaux,5
340,Lost and Delirious,Phillip Stiegars,30
341,I.Q.,Lorenzo Karolczyk,4
342,"Purple Plain, The",Anny Nutbrown,30
343,The Mask You Live In,Marla Twittey,33
344,Microphone,Ferdie Cattel,2
345,13 Tzameti,Clarke Merryweather,28
346,Dead Snow (Død snø),Desdemona Woollacott,7
347,Yella,Berton Macura,29
348,Kamikaze Girls (Shimotsuma monogatari),Loralyn McGaughay,1
349,Helter Skelter,Earvin Nellies,20
350,Arabian Nights (Il fiore delle mille e una notte),Muffin Lesaunier,24
351,Racing with the Moon,Abdel Laying,23
352,Born to Defense (Zhong hua ying xiong),Terrell Burgwin,36
353,"Charming Mass Suicide, A (Hurmaava joukkoitsemurha)",Gisele Farn,22
354,Wishing Stairs (Yeogo goedam 3: Yeowoo gyedan),Ellissa Caplan,24
355,Fail Safe,Berenice Rosie,16
356,"Why Are the Bells Ringing, Mitica? (a.k.a. Carnival Scenes) (De ce trag clopotele, Mitica?)",Calhoun Fery,1
357,"Last of Mrs. Cheyney, The",Marcela Halfhide,27
358,Holiday in Handcuffs,Reg Faughey,31
359,What Ever Happened to Baby Jane?,Obadias Gammill,12
360,"Temp, The",Filberte Cracie,26
361,Beck - Öga för öga,Larisa Bernli,31
362,Sherlock Holmes,Linus Althorpe,30
363,Badman's Country,Franky Rostron,20
364,Private Hell 36,Aldin Dict,6
365,Pacific Rim,Jacquelin Neild,5
366,"Aguirre: The Wrath of God (Aguirre, der Zorn Gottes)",Dene Boreland,23
367,Avenging Angelo,Kristo Pellant,7
368,Satan's Tango (Sátántangó),Odetta Tuckwell,26
369,Steal This Movie!,Oralee Leither,3
370,Whisper of Sin (Nuodemes uzkalbejimas),Tod Babcock,27
371,You and Me,Karlotte Issatt,3
372,Playing for Keeps,Danni Meecher,21
373,Relentless,Graham Dillintone,13
374,"Monkey's Teeth (Dents du singe, Les)",Oliy Easdon,5
375,Once Upon a Time in China and America (Wong Fei Hung: Chi sai wik hung see) ,Pryce Sponer,7
376,Kids,Rolland Hardwich,16
377,Saw,Yard Laverock,11
378,Faces of Death 5,Junette Mossdale,35
379,"Kid, The",Nona Jouen,25
380,Broadway Melody of 1936,York Golbourn,35
381,Back Stage,Quintin Hewertson,18
382,Room at the Top,Dorris Doornbos,32
383,Chesty: A Tribute to a Legend,Marja Ladbury,34
384,Mac & Devin Go to High School,Jessalyn Antcliff,10
385,Spirit Trap,Rocky Madre,11
386,The Next Voice You Hear....,Annmaria Gianulli,23
387,Fantasma,Gradey Ramos,5
388,Vieraalla maalla,Malina Feldharker,18
389,Laila,Katina Guildford,31
390,Farewell My Concubine (Ba wang bie ji),Bryce Usmar,32
391,Marnie,Phillis Simmins,7
392,Valley Girl,Francoise Fetherby,1
393,"Carey Treatment, The",Greer Nelsey,11
394,End Game,Melania Leynagh,33
395,"Village Barbershop, The",Oona Watsham,2
396,Bad Boy (Dawg),Hyacintha Reany,2
397,"Rough House, The",Marci Paffett,3
398,"Iceman Tapes: Conversations with a Killer, The",Christabella Garvill,1
399,Dying of Laughter (Muertos de Risa),Bonnie Mattiazzo,14
400,"Girls, Les",Padgett Chavez,27
401,"Life Aquatic with Steve Zissou, The",Consalve Syddall,20
402,Bundle of Joy,Carola Catto,19
403,"Gold Rush, The",Avivah Tocknell,4
404,Foxfire,Lothario Quittonden,15
405,The Roots of Heaven,Antonetta Mougeot,11
406,Get on the Bus,Cos Jachimczak,21
407,Liberty Heights,Fanni Coppenhall,2
408,Aziz Ansari: Live at Madison Square Garden,Seamus Brantl,4
409,Imaginary Heroes,Orelle Dougary,16
410,"Joyriders, The",Onfroi Brabben,11
411,Gus,Eduardo McKinstry,26
412,Devil's Knot,Barty Gorch,15
413,Combien Tu M'aimes? (How Much Do You Love Me?),Cliff Pele,14
414,Adios Sabata,Marshal Toppes,16
415,Betrayed,Serge Pigeram,29
416,Secret Ceremony,Tish Woodwin,3
417,"Boat That Rocked, The (a.k.a. Pirate Radio)",Lutero MacCorley,21
418,Ghost Town,Mattie Candy,28
419,Hustler White,Nerti Belchem,14
420,Virtual Sexuality,Geraldine Temblett,26
421,The Hunters,Janice Coneybeer,25
422,Houseguest,Brigid Aslet,31
423,Client 9: The Rise and Fall of Eliot Spitzer,Amery Mounsey,8
424,The Orkly Kid,Koenraad Stolli,20
425,Slingshot Hip Hop,Sybila Fereday,28
426,Doctor Dolittle,Sibylla Sutherley,10
427,"Pearls of the Crown, The (Les perles de la couronne)",Rube Bushell,9
428,Kiss Me Goodbye,Mikael Kalvin,12
429,Mon Paradis - Der Winterpalast,Gifford Ahearne,17
430,Love Me Tender,Felipa Lavers,27
431,First Love (Primo Amore),Lyndsie Turrill,10
432,Blood Trails ,Laverna Hesey,34
433,Death Race,Liva Woodfield,32
434,Sydney White,Philippa Ughelli,33
435,Knight of Cups,Eddy Joseph,35
436,It's a Great Feeling,Sidonia Brodie,13
437,The Gift of Love,Bethena Growcott,6
438,"Plague Dogs, The",Viviene Hatherill,6
439,How to Get Ahead in Advertising,Jaimie Redmell,25
440,Ocean's Twelve,Miof mela Crush,8
441,Career Girls,Wash Barense,19
442,Film ist a Girl & a Gun,Sonny McGuinley,7
443,Entertaining Angels: The Dorothy Day Story,Atlanta Volkers,15
444,Newsies,Dorthy McGuirk,25
445,"Inconvenient Truth, An",Jessie Ainsley,3
446,Daylight,Stanislas Pearne,18
447,Chuck Berry Hail! Hail! Rock 'n' Roll,Krystle Moyser,33
448,Unbeatable (Ji zhan),Tommie Solway,22
449,Aspen,Harriot Pendered,1
450,May 18 (Hwaryeohan hyuga),Kevina Vasenin,22
451,Experiment Perilous,Munroe Bontein,5
452,Eros Plus Massacre (Erosu purasu Gyakusatsu),Erin Baudts,29
453,Hogfather (Terry Pratchett's Hogfather),Muire Kenwell,19
454,"Last Unicorn, The",Petronille McRill,14
455,Nightcrawler,Jory Clucas,12
456,Women on the Verge of a Nervous Breakdown (Mujeres al borde de un ataque de nervios),Philip Balsdone,23
457,December Boys,Alvin Schachter,4
458,"Arise, My Love",Gaspar Domoni,30
459,Children Who Chase Lost Voices from Deep Below (Hoshi o ou kodomo) (Journey to Agartha),Bonny Hawarden,12
460,"Mummy's Curse, The",Cecilius Baron,17
461,"Thing Called Love, The",Farleigh Elizabeth,20
462,Adventure in Baltimore,Fredrick Veazey,21
463,Mosquito Squadron,Thom Blenkinsopp,1
464,Greaser's Palace,Horten Kleinstein,10
465,Silver Bears,Carmina Grigsby,11
466,The Boyfriend School,Tommie Levicount,8
467,Queen of the Amazons,Orella Saddington,13
468,Wait Until Dark,Chlo Celli,27
469,Here Comes Mr. Jordan,Glynda Moyce,11
470,Poppy Shakespeare,Lizzie Finci,18
471,Hero,Katine Jacmard,32
472,Katt Williams: The Pimp Chronicles Pt. 1,Shane Kwietak,35
473,"Wings of Desire (Himmel über Berlin, Der)",Joeann Senescall,25
474,Fata Morgana,Crystal Brayley,18
475,Kairat,Bryant Thursfield,14
476,Salaam Cinema,Odo Gouldstraw,30
477,Norma Rae,Kiah Bolduc,20
478,"Transporter, The",Bianca Keyes,15
479,If I Were King,Donn Dalliwater,31
480,Facing the Giants,Rhoda Clamp,9
481,Flying Down to Rio,Abbot Stranger,29
482,"My Wife, A Body to Love",Bartolemo Munns,5
483,United Red Army (Jitsuroku Rengo Sekigun: Asama sanso e no michi),Ichabod Huntress,30
484,Lascars,Seward Scotsbrook,25
485,Rookie of the Year,Steffi Pfertner,21
486,Kabhi Haan Kabhi Naa,Syman Studeart,25
487,"New One-Armed Swordsman, The (Xin du bi dao)",Morten Hartshorn,13
488,Out Cold,Anabal Baudinot,6
489,"Ballad of Little Jo, The",Stella Cains,13
490,"Nightmare on Elm Street 2: Freddy's Revenge, A",Fabe Lunbech,15
491,"Heart in Winter, A (Un coeur en hiver)",Hamnet Hecks,22
492,With Six You Get Eggroll,Essa Aguirre,31
493,Tokyo Trial (Tokyo saiban),Latia Meir,8
494,Starman,Shalne Casel,15
495,"Steam Experiment, The",Wadsworth Cooley,16
496,Chiedimi se sono felice,Lindi d' Elboux,3
497,Symphony of the Soil,Mallory Card,12
498,Pink Cadillac,Roanne Marcone,14
499,M,Emelia Tellenbroker,16
500,Marriage Retreat,Winifred Rudge,25
501,Swimming Pool,Conant Temprell,10
502,Dr. Wai in the Scriptures with No Words (Mao xian wang),Asia McKane,22
503,Feeling Minnesota,Dorrie Ickowicz,17
504,"Earrings of Madame de..., The (Madame de...)",Nelle Cranage,12
505,Paintball,Malva Banfill,9
506,Big Night,Gena Sirrell,12
507,"Brothers O'Toole, The",Goraud Ivison,1
508,Trust Me,Ettie Lohering,36
509,What's Cooking?,Marlie Voysey,25
510,"Skulls, The",Enrique Jeffery,20
511,Trinity and Beyond,Fredrick Newens,7
512,Kisses,Blithe Gilfether,5
513,"Frozen Ghost, The",Towney Burtonshaw,31
514,Skinwalkers,Janna Astlett,30
515,Cold Creek Manor,Bernette Turbitt,25
516,Arthur and the Invisibles,Libbey Tottie,11
517,Fubar,Skipper Lapidus,32
518,One on One,Fielding Huggan,9
519,"Maid, The (Nana, La)",Meredithe Syratt,36
520,"Dead Pit, The",Krystal Bambrough,3
521,Starship Troopers,Neely Flude,32
522,Princess Yang Kwei Fei (Yôkihi),Gustavus Hardes,25
523,One True Thing,Mirella Jezard,16
524,"Hammer, The",Kirstin Shevlan,29
525,Dirty Wars,Arthur Baccup,17
526,Popatopolis,Alvie Lequeux,32
527,10 Mountains 10 Years,Chane Lavallin,25
528,"Lawless Street, A (Marshal of Medicine Bend)",Carola Tooker,18
529,Eulogy,Terri Partleton,19
530,"Human Condition III, The (Ningen no joken III)",Jan Beville,32
531,"Wild and Wonderful Whites of West Virginia, The",Lovell Grimsell,13
532,Fat Albert,Odie Trotton,32
533,Supervixens,June D'Oyly,12
534,Strapped,Annis Westman,20
535,Once My Mother,Martha Start,12
536,Return to Oz,Willdon Bennoe,25
537,Rare Birds,Wynn Mulqueeny,26
538,Herman's House,Garek Eastcott,18
539,"Lizzie McGuire Movie, The",Tiena Overlow,18
540,Wuthering Heights,Ariella Shah,27
541,Greyfriars Bobby (a.k.a. Greyfriars Bobby: The True Story of a Dog),Bennett Dullingham,29
542,"Ritz, The",Marcel Devo,9
543,"Men Who Made the Movies: Samuel Fuller, The",Trish Olland,2
544,Maiden's Cheek (To xylo vgike apo ton Paradeiso),Mufinella Tomei,19
545,Once Upon a Time (Der var engang),Jodee Saynor,24
546,"Gunfight at Dodge City, The",Esme Gillman,2
547,Masters of the Universe,Kyle Gallie,29
548,Seize the Day,Cara Redwall,10
549,It's A Wonderful World,Arlena Mewrcik,26
550,Polytechnique,Clerkclaude Kimblen,25
551,"Glass Bottom Boat, The",Boonie Castelow,14
552,"Night of the Hunter, The",Linnet Heers,33
553,Good Luck. And Take Care of Each Other,Brook Wadwell,6
554,"Basketball Diaries, The",Alexandrina Toplin,34
555,The Living Idol,Emilio Batthew,27
556,"Ten, The",Sly Anton,13
557,Born Wild,Abrahan Haining,33
558,Lonely Hearts,Ephraim Gisbey,3
559,Branded,Nicolina Spendlove,3
560,"Story of Marie and Julien, The (Histoire de Marie et Julien)",Merna Maine,33
561,Beauty Is Embarrassing,Libbi Moralis,34
562,Prince of the City,Petey Caroli,21
563,"Last Time, The",Renell Joules,10
564,Last Holiday,Michaeline Featherstonhalgh,14
565,Baby... Secret of the Lost Legend,Dwayne Bissell,14
566,Old Yeller,Alyce Brixey,32
567,Suture,Montgomery Findlater,24
568,Borgman,Constantine Kinnar,33
569,"Avengers, The",Delphine Sleeman,9
570,Gurren Lagann: The Lights in the Sky are Stars (Gekijô ban Tengen toppa guren ragan: Ragan hen),Dinny Winnard,27
571,"Fury, The",Darell Maidment,12
572,Assault on Wall Street ,Redford Weekley,32
573,Full of It,Loleta Winridge,7
574,"Divorce, Le",Shaun Gowry,29
575,Sometimes a Great Notion,Floris Probert,34
576,Trees Lounge,Lazare Portsmouth,15
577,Drums Along the Mohawk,Leeanne Retchless,9
578,American Pie Presents The Naked Mile (American Pie 5: The Naked Mile),Ilse Bruna,11
579,Thanks for Sharing,Barr Anglin,10
580,Scorned,Griz Pell,8
581,Eden,Lily Parley,32
582,Charlie and the Chocolate Factory,Phillis Arsmith,14
583,Endless Love,Merrick Farrent,8
584,Bring It On: All or Nothing,Jase Hilliam,12
585,Slaves to the Underground,Wren Pethybridge,26
586,"Kid Stays in the Picture, The",Mack Aylmore,12
587,"Adventures of Tom Sawyer, The",Luther Brear,32
588,Lee Daniels' The Butler,Brigid Longthorne,25
589,Sex & Drugs & Rock & Roll,Job Pedder,1
590,"Harmonists, The",Deva Bodesson,27
591,First Cousin Once Removed,Elga Lerohan,1
592,"Devil, Probably, The (Diable probablement, Le)",Muriel Extence,31
593,"Damned, The (La Caduta degli dei)",Mikel Blackbrough,13
594,My Darling Clementine,Aurlie Sinnott,6
595,Hey Bartender,Maxie Gosneye,15
596,"Acadia Acadia?!? (L'acadie, l'Acadie)",Derrik MacGragh,2
597,Point of Order,Udale Daniele,1
598,Evolver,Cairistiona Pretsel,23
599,Cantinflas,Elsi McTiernan,31
600,Playing for Keeps,Lazarus Blannin,19
601,Made in U.S.A.,Timothee Kinrade,26
602,Poison Ivy,Basia Horney,5
603,Charlie Chan on Broadway,Manuel Shurrock,2
604,Lola,Laurella Snelson,15
605,Baby Boom,Rosabel Chiddy,24
606,"Leaning Tower, The (Kalteva torni)",Derrik Manuele,3
607,"Doctor Takes a Wife, The",Maris Twelvetrees,26
608,Dr. Jekyll and Mr. Hyde,Erinna Tawton,5
609,Orfeu,Humbert Rudyard,29
610,Biutiful,Dare Baseke,12
611,Terror is a Man,Janna Mattussevich,15
612,Entr'acte,Krysta Sentance,10
613,"War Comes to America (Why We Fight, 7)",Lynelle Breinl,32
614,"Streetcar Named Desire, A",Desmund Rudiger,35
615,Last Holiday,Rebeka Bianco,11
616,"Fireman, The",Ernst Reaper,16
617,"Blind Side, The",Fanya Manifold,20
618,Smoke Signals,Liuka Sherebrooke,32
619,102 Minutes That Changed America,Lorrayne Poon,32
620,Fiend with the Electronic Brain (Blood of Ghastly Horror),Laura Faireclough,29
621,"Little Vampire, The",Alexis Caves,11
622,Beneath the Dark,Helenka Laughlin,17
623,Santitos,Quent Townsend,22
624,Brief Crossing (Brève traversée),Ashla Stanbro,19
625,Time (Shi gan),Ceciley Mayor,5
626,Hotel Terminus: The Life and Times of Klaus Barbie (Hôtel Terminus),Bronson O'Cahsedy,14
627,Together Again,Marney Timson,29
628,That's My Boy,Vachel Seedull,35
629,Promised Land (Ziemia Obiecana),Janifer Thurner,14
630,Leadbelly,Erick Worts,11
631,"Adventures of Hajji Baba, The",Beatrix Hargerie,20
632,Once Upon a Time in America,Adelaide Domenichini,31
633,Mail Order Bride,Leeann Iglesias,23
634,Little Sister,Derick Ciepluch,13
635,Sisters (Syostry),Angelina Janku,10
636,"Saint in London, The",Domini Lynd,32
637,"Man Who Sleeps, The (Un homme qui dort)",Harald Fieldstone,17
638,Magicians,Galven Dorricott,28
639,Friends of God: A Road Trip with Alexandra Pelosi,Cornelle Edeson,11
640,Hiding Out,Homer Tomczykowski,15
641,"Man Who Loved Cat Dancing, The",Siobhan Beadnall,5
642,"Ward, The",Craggie Casel,10
643,The Uninvited Guest,Mose Grissett,20
644,Magic,Flo Suttling,27
645,In Bruges,Mei Pirelli,6
646,"Magic Flute, The (Trollflöjten)",Barris De Andisie,4
647,The Odyssey,Fleur Dimitru,22
648,Millions,Trevor Flamank,14
649,Girls Town,Standford Darch,22
650,Torpedo Run,Grier Lilleyman,29
651,Bartleby,Graeme Tebbe,24
652,Edvard Munch,Teri Wollrauch,16
653,"Curiosity of Chance, The",Isacco Eannetta,22
654,"Vertical Ray of the Sun, The (Mua he chieu thang dung)",Jo-anne Patriskson,21
655,For Pete's Sake,Tait Domm,4
656,Involuntary (De ofrivilliga),Merell Dain,5
657,Coco Chanel & Igor Stravinsky,Royall Groome,18
658,"Needle, The (Igla)",Raimundo McGaughey,23
659,Law Abiding Citizen,Gerald Guerreiro,26
660,Blind Alley,Vivien Kiggel,13
661,Shark Night 3D,Ginger Lasselle,7
662,36 Crazy Fists (San shi liu mi xing quan),Rufus Pringuer,32
663,The Face of Love,Vallie Wilcher,7
664,Room in Rome (Habitación en Roma),Jori Guidi,22
665,Krippendorf's Tribe,Mandy Whayman,9
666,Occupant,Reine Franklin,34
667,"Mortal Instruments: City of Bones, The",Ursala Trott,32
668,Marquis,Nataniel Bullivent,16
669,Monterey Pop,Benson Rubenov,17
670,Oh! What a Lovely War,Hal McVey,25
671,Samoure,Justis Hildrew,36
672,"Nightmare on Elm Street, A",Janos Twinn,28
673,Mr. 3000,Drusilla Lindro,16
674,Guadalcanal Diary,Kameko Freddi,22
675,"Deep, The",Fenelia Vane,32
676,Iron Man 2,Roshelle Salvidge,28
677,"Dresser, The",Symon Inchan,17
678,Death Wish,Lillian Zannini,8
679,"Violent Cop (Sono otoko, kyôbô ni tsuki)",Laverne Paton,25
680,Wild Side,Caddric Blanden,22
681,Between the Devil and the Deep Blue Sea,Larry Farnon,15
682,Auntie Mame,Chancey Labern,20
683,Another Me,Alistair Shire,26
684,Leap of Faith,Robbie Thirtle,16
685,Suicide Club,Ira Bohlens,15
686,"Ten Commandments, The",Gage McDonnell,17
687,"Hasty Heart, The",Doyle Bugdell,13
688,"Black Cat, The",Rudyard Hyman,25
689,Batman,Hewe Warmington,7
690,"Barefoot Executive, The",Katusha De Goey,16
691,Sweet Karma,Austin Sivier,25
692,Strongman,Cate Butterfield,36
693,Can't Buy Me Love,Con Ewan,17
694,Fifty Dead Men Walking,Rafa Shearmur,4
695,Musa the Warrior (Musa),Marketa Gillet,8
696,Private,Nikolas Spurryer,21
697,Don't Tempt Me (Sin noticias de Dios),Doretta Bloxsom,2
698,Grass,Leshia Sivior,26
699,Back to 1942 ,Rory Wethered,30
700,Spies Like Us,Grady Moult,8
701,Benny & Joon,Ashlin Lanfear,26
702,Wishmaster,Ambrosio Dearnaley,7
703,"Bank, The",Pail Tunnacliffe,17
704,Insurgent,Rutledge Peller,17
705,Bring It On,Theodosia Grover,28
706,"Corridor, The (Koridorius)",Gwenny Hickisson,18
707,Redwood Highway,Jacintha Binny,17
708,National Lampoon's Lady Killers (National Lampoon's Gold Diggers),Christy Ifill,10
709,Dr Money and the Boy with No Penis,Neddie Scranny,35
710,"Adventures of Picasso, The (Picassos äventyr)",Merlina Presley,18
711,"Wild One, The",Velma Macieja,31
712,Thieves by Law (Ganavim Ba Hok),Sampson Bradwell,13
713,"Town Called Panic, A (Panique au village)",Quincy Delagua,12
714,Ararat,Lorianne Chubb,7
715,"Land That Time Forgot, The",Alie Sennett,17
716,Flash Point (a.k.a. Flashpoint) (Dou fo sin),Marion O'Shesnan,34
717,Love and Death,Rinaldo Jacox,4
718,"Train Robbers, The",Demetris Garlant,27
719,Godsend,Donielle Sygroves,10
720,"6th Day, The",Minni Harral,1
721,"Oath, The",Abramo Porte,6
722,Open Season,Lucius Mea,19
723,Hombre,Hammad Brownbridge,20
724,Regret to Inform,Timi Archley,23
725,Airborne,Maxie Brahan,9
726,Carmina and Amen (Carmina y amén),Albertina Gert,35
727,Ten Thousand Saints,Nady O' Cuolahan,32
728,One Spy Too Many,Shannen Acheson,14
729,"Man with the Golden Gun, The",Kristin Pritchard,15
730,"Unloved, The",Alejandra Rastall,3
731,Night of the Zombies (a.k.a. Batallion of the Living Dead),Jemmy Braden,8
732,Moving Midway,Koralle Mungan,21
733,City of Pirates (La ville des pirates) ,Berky Ramsey,33
734,Fellini's Roma (Roma),Arlyne Farnhill,35
735,Mouchette,Abraham Marling,33
736,Promise Me This (Zavet),Sargent Haggath,19
737,Doctor Who,Tyler Ralton,23
738,Carman: The Champion,Andra Lidgely,13
739,"Draughtsman's Contract, The",Tabor Collete,14
740,Total Recall,Leisha Pencost,14
741,Physical Evidence,Drud Rothon,5
742,What Have They Done to Your Daughters?,Pryce McGarel,34
743,Hearts Divided,Annie Wakelin,14
744,"Sisterhood of the Traveling Pants 2, The",Gery Norcott,15
745,Monster in the Closet,Cinnamon Lowder,20
746,12 Dates of Christmas,Nappy Mabe,35
747,Hamlet,Lesley Liebmann,15
748,"Hatchet for the Honeymoon (Rosso segno della follia, Il)",Heriberto Baelde,21
749,"Prisoner of Zenda, The",Gertruda Galiford,10
750,"Closer You Get, The",Ruby Glashby,26
751,Ingrid,Alva O'Feeny,18
752,"Way We Laughed, The (Così Ridevano)",Hymie Proske,30
753,Sundays and Cybele (Les dimanches de Ville d'Avray),Nancee Bromilow,34
754,"Presidio, The",Emory Temple,3
755,"Brain, The",Curran Jacop,1
756,Joy Ride 2: Dead Ahead,Justinian Asker,28
757,Master and Commander: The Far Side of the World,Grantham MacCawley,36
758,My Life in Pink (Ma vie en rose),Marius Roblett,11
759,Crimes of the Future,Cathyleen McClay,4
760,"Koruto wa ore no pasupooto (Colt Is My Passport, A)",Marieann Caws,5
761,Good Morning (Ohayô),Cynthea Atack,21
762,"Cougars, Inc.",Marigold Gumley,18
763,Populaire,Phillie Jinks,28
764,"End of Poverty, The",Lily Bourthouloume,7
765,Where Are the Dreams of Youth? (Seishun no yume imaizuko),Sabina Richel,8
766,"Move Over, Darling",Barnett Neilan,33
767,Booker's Place: A Mississippi Story,Monro Trighton,34
768,Girlfight,Trudy Rallin,32
769,Messengers 2: The Scarecrow,Jammal Abrahams,11
770,Alexander,Alano Michael,1
771,"Fighting Temptations, The",Kimberlee Loxly,22
772,Arnold,Clark Chaffer,15
773,Troma's War ,Ashleigh Rens,6
774,Attack from Space,Orsola McCudden,22
775,Support Your Local Sheriff!,Brade Cuthill,12
776,Adam,Griffith Kimblin,28
777,Birds of America,Layton de Werk,12
778,Possession,Ceil Dalliston,26
779,Musa the Warrior (Musa),Pollyanna Pedrocchi,30
780,"Culture High, The",Christoforo McNab,13
781,Scooby-Doo! Camp Scare,Katharyn Ferrara,6
782,Theodora Goes Wild,Frederica Marquiss,27
783,"Last Blitzkrieg, The",Hunfredo Daniele,2
784,House (Hausu),Matelda Exposito,22
785,Starship Troopers 2: Hero of the Federation,Cherin Rau,16
786,Barbara,Hadria Gabites,19
787,"Hitch-Hiker, The",Laverne Wing,9
788,"Battle of amfAR, The",Nari Heam,11
789,Walk Hard: The Dewey Cox Story,Chrissy Soughton,4
790,"Prince & Me, The",Arlee Fernant,31
791,Please Give,Marco Divers,12
792,"Trou, Le (Hole, The) (Night Watch, The)",Mischa Sondon,35
793,"Dreamers, The",Gerda Baden,10
794,History of the Eagles,Nanine Philippou,13
795,Tideland,Regan Stirton,24
796,I Wanna Hold Your Hand,Cesaro Cordeux,26
797,Bluebeard,Janka Abbis,12
798,Don 2,Lawrence Barkshire,21
799,Berserk: The Golden Age Arc 2 - The Battle for Doldrey,Nissa Very,21
800,"Story of Three Loves, The",Sibbie Gumby,10
801,Gate of Flesh (Nikutai no mon),Othelia Grote,5
802,"Monkey in Winter, A (Un singe en hiver)",Ruy Batchan,16
803,Arthur and the Invisibles,Deborah Michelotti,15
804,"Gorgon, The",Stu Starmont,4
805,Zatoichi and the Fugitives (Zatôichi hatashi-jô) (Zatôichi 18),Jillana Caudelier,18
806,Perfectly Normal,Gilemette Clarkin,12
807,Björk: Volumen,Ashlen Stears,36
808,Spread,Jere Casone,18
809,"General, The",Consuela Grealy,33
810,Pooh's Heffalump Movie,Reynolds Clayworth,25
811,"On Guard (Bossu, Le)",Brigida Borres,3
812,Air Doll (Kûki ningyô),Sherlocke MacCroary,2
813,They Call Me Mister Tibbs!,Amber Hurburt,19
814,Streets of Fire,Lorant Daft,12
815,Half Baked,Kane Novichenko,1
816,"Baron Blood (Orrori del castello di Norimberga, Gli)",Mace Luby,16
817,Alabama's Ghost,Farrell Cyseley,25
818,Flower in Hell (Jiokhwa),Merrick Ofield,11
819,"Music Man, The",Briano Ortmann,5
820,Golem,Tawnya Abramow,4
821,Flushed Away,Ruddy Corstorphine,18
822,I Killed My Mother (J'ai tué ma mère),Jereme Kelberman,6
823,Fade to Black,Erwin Banger,14
824,Bright Eyes,Brade Smieton,33
825,Plenty,Davita Haquard,28
826,Native Son,Dorian Frowde,14
827,Attack of the 5 Ft. 2 Women (National Lampoon's Attack of the 5 Ft 2 Woman),Domingo McKinney,1
828,"39 Steps, The",Northrup Ethington,32
829,Gemini (Sôseiji),Kerry Dyton,26
830,Wittgenstein,Maxy Tooting,25
831,Baby Take a Bow,Evita Conquest,27
832,Sparrow (a.k.a. Cultured Bird) (Man jeuk),Ki Siggins,22
833,"Return of the King, The",Edan Alecock,21
834,Nora's Will (Cinco días sin Nora),Kamila Broker,28
835,"Purple Rose of Cairo, The",Anastasie Duinkerk,7
836,Love Story,Lynde Buckle,34
837,"Glenn, the Flying Robot",Greggory Brady,26
838,Kindergarten Cop,Avrit Kenan,31
839,Superpower,Lesly Cordelette,23
840,"Pelican Brief, The",Lethia Coddrington,32
841,Son of Babylon (Syn Babilonu),Fernandina Cranke,15
842,Teenage Caveman,Ross Arnald,1
843,Iraq in Fragments,Allin Stanborough,28
844,Policeman (Ha-shoter),Daffi Postill,21
845,Kids World,Dolf Hitscher,11
846,"Driver, The",Kitty Edwicke,21
847,"Messengers, The",Dorry Dalgliesh,30
848,Salaam Cinema,Mart Radsdale,14
849,Dedication,Chastity Oldcote,32
850,O Lucky Man!,Courtney McCorrie,12
851,Godzilla vs. King Ghidorah (Gojira vs. Kingu Gidorâ),Tandi Ferroli,30
852,Captives,Lynne Isles,16
853,"Substitute, The (Vikaren)",Rudd Bagby,9
854,Saving Otter 501,Clifford Cranmore,24
855,"League of Their Own, A",Forest Bilney,33
856,Adult Camp,West Quickfall,33
857,Sick Girl,Ofelia Southers,31
858,"Ipcress File, The",Henrik Salway,25
859,Bait,Illa Telezhkin,18
860,"Embalmer, The (Imbalsamatore, L')",Carrissa Elcoux,11
861,The New Babylon,Cassondra Brumfield,13
862,Kill Me Now,Kelly Heild,23
863,The Last Journey,Pennie Matheson,29
864,History of the World: Part I,Gabbie Tillett,35
865,"Leo's Room (Cuarto de Leo, El)",Aila Kennifick,21
866,Stanley Kubrick: A Life in Pictures,Nicoli Redmore,6
867,Versus,Lonnie Serjeantson,22
868,Hansel & Gretel,Ezequiel Pinkstone,5
869,Jekyll + Hyde,Loren Connerry,5
870,Dumb and Dumberer: When Harry Met Lloyd,Diahann Hebbron,21
871,"Pom Pom Girls, The",Filip Mazdon,22
872,"Beverly Hillbillies, The",Isadora Hadcock,4
873,Pennies from Heaven,Ambrosio Drydale,29
874,Bush's Brain,Antonius Vittore,22
875,Charly,Kerry Brown,31
876,Hallelujah I'm a Bum,Grethel Pepperrall,34
877,"White Hunter, Black Heart",Tani Wetherick,16
878,Abouna,Cyndia Bohlsen,26
879,What? (Che?),Truman Kryzhov,35
880,Impure Thoughts,Darcee Trewhitt,27
881,Batman,Durand Loseby,10
882,"Oversimplification of Her Beauty, An",Mina Kleinhaus,22
883,Sunny (Sseo-ni),Binny Crippen,35
884,Two for the Seesaw,Leigha Douris,13
885,On the Ropes,Heidie Gierth,14
886,Hollywood Homicide,Tremain Rugg,22
887,Chelsea on the Rocks,Grethel Papa,17
888,In the Army Now,Alfonse Broadley,20
889,Mark of the Cop,Free Sneezum,4
890,Farsan,Stanton Curme,36
891,"Order, The",Bernie Curd,9
892,"Redes (Fishermen's Nets) (Wave, The)",Averell Wickett,3
893,Tribute,Wilton Shitliff,31
894,Riff-Raff,Holden Denyer,11
895,"Aries Spears: Hollywood, Look I'm Smiling",Filippo Vials,14
896,Sun Don't Shine,Hadrian Lipscomb,31
897,"Broadway Melody, The",Hollie Domanski,7
898,By the Light of the Silvery Moon,Mamie Pittle,29
899,"Bizarre, Bizarre (Drôle de drame ou L'étrange aventure de Docteur Molyneux)",King Domenget,4
900,State of Grace,Felix Chittenden,8
901,Curse of the Demon (Night of the Demon),Mable Hardiman,6
902,El Greco,Alvy Anstiss,34
903,Lupin the 3rd,Kerrin Grouvel,31
904,Public Housing,Horacio Minney,32
905,The Face of Marble,Torr Thornborrow,36
906,Butterfly Kiss,Jan Armitage,18
907,"Charlie Brown Christmas, A",Dode Gorges,30
908,Suspect X (Yôgisha X no kenshin),Maximilianus Curdell,27
909,"Hello, Friend",Kori Legh,12
910,Blood and Wine (Blood & Wine),Ashlan Phare,26
911,Flaming Star,Brittany Noye,22
912,Sasori,Ivett Golder,34
913,Bring It On: Fight to the Finish,Elenore Howard,33
914,Shadow Boxers,Bary Shilburne,23
915,Grown Up Movie Star,Imelda Abbot,32
916,Nothing Like the Holidays,Emerson Udy,3
917,Petals on the Wind,Michale Ibeson,10
918,"Best Man, The",Keith Gwynne,9
919,Je m'appelle Elisabeth,Verine McSkin,24
920,"Saphead, The",Pia Pierri,18
921,Berserk: The Golden Age Arc 3 - Descent,Taddeusz Downage,19
922,Get Crazy,Megan Butter,32
923,"Gate, The",Alethea Wimpeney,21
924,Love Field,Michail Pittem,4
925,"Band Called Death, A",Webster Pursey,23
926,Nausicaä of the Valley of the Wind (Kaze no tani no Naushika),Giff De Francesco,10
927,T-Rex: Back to the Cretaceous,Johnna Eate,15
928,At the River I Stand,Cecelia Bielfeld,23
929,Woody Allen: A Documentary,Lucina Groundwator,11
930,Furry Vengeance,Bo Aleavy,29
931,"Verdict, The",Rosalind Cheltnam,4
932,"Loss of a Teardrop Diamond, The",Iorgo Dowall,1
933,Tenure,Ronnica Strowther,32
934,Henry Fool,Hoyt Sneezem,21
935,Bad Family (Paha Perhe),Ariella Graeser,10
936,My Sister Eileen,Ebba Gammet,14
937,Chain of Command,Leigh Seage,14
938,With Fire and Sword (Ogniem i mieczem),Ado Slym,29
939,Fantastic Mr. Fox,Brandise Hallum,27
940,Kaksi kotia (Dagmamman),Mabel Terren,17
941,"Sheltering Sky, The",Teodora Petru,17
942,Stray Dog (Nora inu),Lissie Fairney,2
943,"Other Voices, Other Rooms",Andee Dunk,23
944,Tiptoes,Erinn Nice,7
945,Thirteen Ghosts (a.k.a. Thir13en Ghosts),Sapphire Kightly,13
946,Embodiment of Evil (Encarnação do Demônio),Ingar Shuker,6
947,Lad: A Dog,Carry Tayspell,22
948,Meth,Lanae Saunper,30
949,Piglet's Big Movie,Grier Beeswing,2
950,Kukuli,Gill Drakeley,10
951,Stefano Quantestorie,Creight Farnorth,22
952,The Disembodied,Kelli Askey,15
953,Powder Room,Teddy Muncaster,6
954,"Swan Princess: Escape from Castle Mountain, The",Kakalina Gunda,1
955,"Executioner, The",Clementius Bulpitt,33
956,Ride in the Whirlwind,Ree Cray,8
957,"Last of England, The",Neill Dacke,25
958,Asterix in Britain (Astérix chez les Bretons),Ellwood Robichon,19
959,The Boy Who Cried Werewolf,Alvy Bromage,36
960,"Descent: Part 2, The",Emeline Gussin,15
961,Lawyer Man,Xylia Rowen,30
962,Cold Showers (Douches froides),Sela Feria,25
963,Sympathy for Mr. Vengeance (Boksuneun naui geot),Pammi Cashen,8
964,"Marc Pease Experience, The",Godfry Barwack,8
965,Easy Money (Snabba Cash),Osborn Barnson,25
966,Flowing (Nagareru),Ernesta Zarfai,10
967,"Man with the Movie Camera, The (Chelovek s kino-apparatom)",Yale Tink,8
968,From Noon Till Three,Rochelle Georgeson,18
969,Remote Control,Court Knibbs,9
970,Justice League: Throne of Atlantis,Del Bance,20
971,The Green,Cart Johnes,3
972,Nick Fury: Agent of S.H.I.E.L.D.,Alessandra Wyper,9
973,Secret Things (Choses secrètes),Zane Goodwin,12
974,"Devil and Daniel Webster, The (All That Money Can Buy)",Reinhard Zannotelli,4
975,"Talent Given Us, The",Olav Freyne,29
976,"Sticky Fingers of Time, The",Dominick Girod,25
977,Harvard Beats Yale 29-29,Conway Pawfoot,29
978,Elvis and Anabelle,Christian Paddle,17
979,Sketches of Frank Gehry,Sisely Nudd,1
980,Stephen Tobolowsky's Birthday Party,Lorrin Measey,33
981,At Sword's Point,Garwood Iscowitz,24
982,Pi,Cleve Farquarson,18
983,Docking the Boat (Att angöra en brygga),Claudian Woolgar,1
984,"Flintstones, The",Jarvis Lilian,28
985,Night Crossing,Salaidh Whilde,4
986,"Number 23, The",Rance Malek,26
987,Sky West and Crooked (Gypsy Girl),Alexandra Breitler,1
988,Boiling Point (3-4 x jûgatsu),Lane Wornum,11
989,One Good Cop,Oates Josefs,29
990,Auto Focus,Tab Symington,5
991,Across the Universe,Clovis Gudyer,32
992,Bad Day on the Block,Sharline Branscomb,27
993,Ladybugs,Maximilianus Revett,35
994,"Pleasure Party (Partie de plaisir, Une) (Piece of Pleasure, A)",Felicdad Fullom,7
995,Kirikou and the Sorceress (Kirikou et la sorcière),Beth Struthers,1
996,Bring It On: All or Nothing,Tanhya Fetherston,31
997,How Green Was My Valley,Dav Simoncini,30
998,Pan Tadeusz: The Last Foray in Lithuania (Pan Tadeusz),Jessa Insko,10
999,I'm Crazy About Iris Blond,Courtenay Flather,11
1000,"Fragile Trust: Plagiarism, Power, and Jayson Blair at the New York Times, A",Kori Goudie,24
