id_librarian,first_name,last_name,identity
1,Mohandas,Hutcheon,132473986
2,Arabel,Rayne,132473987
3,Ariadne,Fanshaw,132473988
4,Harcourt,Rouby,132473989
5,Korey,Flounders,132473990
6,Felicdad,Pes,132473991
7,Deonne,Colegate,132473992
8,Averill,Patton,132473993
9,Merna,Guillard,132473994
10,Pauletta,Gilleon,132473995
11,Celestine,Linn,132473996
12,Milo,Kunes,132473997
13,Tait,Hargrave,132473998
14,Gabie,Gorghetto,132473999
15,Misha,Copelli,132474000
16,Gabriellia,Sorensen,132474001
17,Joachim,Kovelmann,132474002
18,Debbi,Ilchuk,132474003
19,Frannie,Mandrier,132474004
20,Isacco,Onge,132474005
21,Janka,Burner,132474006
22,Elvira,Humber,132474007
23,Rhoda,Orhtmann,132474008
24,Lothario,Toplin,132474009
25,Laure,Petican,132474010
26,Zorah,Hindsberg,132474011
27,Guido,McCord,132474012
28,Pearline,Dible,132474013
29,Beilul,Archbould,132474014
30,Jory,Belin,132474015
31,Hube,Guilloux,132474016
32,Rosaline,Segot,132474017
33,Lethia,Willans,132474018
34,Francisca,Sinnett,132474019
35,Lillian,Lipp,132474020
36,Georgie,April,132474021
37,Laetitia,Melledy,132474022
38,Hamnet,Ree,132474023
39,Pennie,Burgum,132474024
40,Tillie,Pinchin,132474025
41,Lesley,Hamal,132474026
42,Skyler,Burry,132474027
43,Fowler,Reinbech,132474028
44,Melosa,Zini,132474029
45,Amalita,Gartan,132474030
46,Will,Castelow,132474031
47,Ossie,Heinonen,132474032
48,Lazare,Gasperi,132474033
49,Nicky,Wassung,132474034
50,Heinrick,Steels,132474035
51,Gabi,Selesnick,132474036
52,Ali,Scandrett,132474037
53,Barbra,Jago,132474038
54,Adey,Cattow,132474039
55,Clevey,Mahaddy,132474040
56,Angelique,Bernollet,132474041
57,Gregory,Claige,132474042
58,Dionis,Southerill,132474043
59,Conney,Bascomb,132474044
60,Jeddy,Bartolomeu,132474045
61,Ludovika,Salery,132474046
62,Malina,Barkworth,132474047
63,Eal,Lendon,132474048
64,Ruthi,McCarver,132474049
65,Emiline,Castro,132474050
66,Kathie,Humpherson,132474051
67,Garrard,Cosbee,132474052
68,Conny,Dalglish,132474053
69,Ursala,Ventura,132474054
70,Merrielle,Mulheron,132474055
71,Shirleen,Bradane,132474056
72,Matthiew,Haycox,132474057
73,Ynes,Madigan,132474058
74,Mervin,Budd,132474059
75,Kassandra,Keyworth,132474060
76,Zared,Davidwitz,132474061
77,Edik,Crossan,132474062
78,Barby,Hardacre,132474063
79,Seumas,Tosh,132474064
80,Clevey,Eouzan,132474065
81,Stanford,Teaz,132474066
82,Henrietta,Francklin,132474067
83,Inga,Cornils,132474068
84,Iolande,Ilyasov,132474069
85,Basia,Donoghue,132474070
86,Alfy,Linforth,132474071
87,Aristotle,Mellmoth,132474072
88,Juliana,Woolger,132474073
89,Hogan,Kiff,132474074
90,Tamarah,Fonzo,132474075
91,Shayla,Auden,132474076
92,Leonora,Ivie,132474077
93,Kali,Crowne,132474078
94,Tabina,Heys,132474079
95,Trudy,Lory,132474080
96,Hortense,Foxley,132474081
97,Viole,Coombe,132474082
98,Rawley,Alphonso,132474083
99,Henri,Wife,132474084
100,Lurlene,Toulch,132474085
101,Drucill,Lindelof,132474086
102,Kellen,Penwright,132474087
103,Fair,Foley,132474088
104,Lettie,Yeomans,132474089
105,Belia,Kleinsmuntz,132474090
106,Leanna,Reedie,132474091
107,Janice,Almak,132474092
108,Wrennie,Taber,132474093
109,Garvin,Stango,132474094
110,Charmane,Densumbe,132474095
111,Elnar,Duffield,132474096
112,Adah,MacAllen,132474097
113,Torrance,Crowch,132474098
114,Erny,Le Breton De La Vieuville,132474099
115,Blondy,Abramamovh,132474100
116,Lammond,Jessopp,132474101
117,Ulrikaumeko,Klammt,132474102
118,Normie,Moye,132474103
119,Scottie,Wilde,132474104
120,Tomaso,Sandle,132474105
121,Hillier,Dominick,132474106
122,Si,Spearman,132474107
123,Dickie,Cliss,132474108
124,Lotti,Grainger,132474109
125,Ernesto,Trevers,132474110
126,Freddie,Pladen,132474111
127,Filberte,Swalough,132474112
128,Stearne,Bootell,132474113
129,Miguel,Luby,132474114
130,Dickie,O'Dempsey,132474115
131,Wandis,Ragsdale,132474116
132,Kally,Tamas,132474117
133,Angelo,Belvard,132474118
134,Johan,Lammers,132474119
135,Greer,Glendza,132474120
136,Flossi,Rubanenko,132474121
137,Agathe,Perche,132474122
138,Virgina,Drews,132474123
139,Helga,Estoile,132474124
140,Crystie,Betteson,132474125
141,Nanny,Skym,132474126
142,Em,Vany,132474127
143,Luciana,Stoter,132474128
144,Sibley,Aberkirder,132474129
145,Kennett,Hymus,132474130
146,Doralynn,Desesquelle,132474131
147,Ali,Orlton,132474132
148,Daisey,Sushams,132474133
149,Adelheid,Celli,132474134
150,Wallas,Douglas,132474135
151,Janela,Antalffy,132474136
152,Dylan,Greville,132474137
153,Lydia,Lowndesbrough,132474138
154,Raeann,Tooth,132474139
155,Whitby,Wanell,132474140
156,Lawry,Waltering,132474141
157,Nicholle,Starrs,132474142
158,Thomasine,Malbon,132474143
159,Ardella,Eddington,132474144
160,Nissa,Rapley,132474145
161,Karilynn,De Freyne,132474146
162,Marianne,Ivanchenkov,132474147
163,Debbie,Premble,132474148
164,Aprilette,Arnholtz,132474149
165,Hoebart,Price,132474150
166,Abbe,Burchell,132474151
167,Daune,Crumly,132474152
168,Vonny,Cowper,132474153
169,Sidnee,Tilson,132474154
170,Kyla,Northern,132474155
171,Bianca,Farreil,132474156
172,Clive,Thebeaud,132474157
173,Gus,Langland,132474158
174,Pamela,Cobbled,132474159
175,Audie,Andreotti,132474160
176,Phil,MacLardie,132474161
177,Audra,Derks,132474162
178,Kerk,Carnelley,132474163
179,Hermie,Bridewell,132474164
180,Winnie,Mowsdill,132474165
181,Eudora,Burchill,132474166
182,Lilllie,MacAllaster,132474167
183,Zerk,Duinkerk,132474168
184,Theo,Corington,132474169
185,Kaila,Gemmell,132474170
186,Ernst,Daughtery,132474171
187,Caralie,Cleaves,132474172
188,Merola,Housley,132474173
189,Auberta,Schutze,132474174
190,Anthe,Ceeley,132474175
191,Liliane,Trinke,132474176
192,Alexis,Stigers,132474177
193,Alford,Rosetti,132474178
194,Jessie,Beggini,132474179
195,Brittni,Bonnyson,132474180
196,Sid,Venard,132474181
197,Guilbert,Elphee,132474182
198,Tait,Corser,132474183
199,Fanny,Schwanden,132474184
200,Udale,Eastbrook,132474185
201,Bryce,Schruyer,132474186
202,Courtnay,Millom,132474187
203,Earlie,Gurrado,132474188
204,Gannie,Somerset,132474189
205,Emmie,Quinnet,132474190
206,Jerrie,Marcinkus,132474191
207,Carlyn,Overstall,132474192
208,Carlos,Climance,132474193
209,Chen,Cato,132474194
210,Mariska,Cellone,132474195
211,Christal,Lomath,132474196
212,Wilfred,Clemenzo,132474197
213,Mavis,Kilday,132474198
214,Gasper,Camilli,132474199
215,Dollie,Gulvin,132474200
216,Alix,Mawditt,132474201
217,Leone,Matveyev,132474202
218,Felic,Sawford,132474203
219,Alysia,Titheridge,132474204
220,Irwin,Britner,132474205
221,Aurelie,Nickoles,132474206
222,Meredeth,Smedmore,132474207
223,Gracia,Coats,132474208
224,Judi,Fetherstone,132474209
225,Carol-jean,Snuggs,132474210
226,Shanda,Askell,132474211
227,Effie,Atter,132474212
228,Alvy,Bardey,132474213
229,Valeria,Caveney,132474214
230,Sonja,Dunnico,132474215
231,Lamond,Edmunds,132474216
232,Lida,Matthias,132474217
233,Dallon,Bartocci,132474218
234,Markus,Karolewski,132474219
235,Umberto,Rattenberie,132474220
236,Bernarr,Mulgrew,132474221
237,Friedrich,Ingray,132474222
238,Gleda,Wentworth,132474223
239,Joni,Breward,132474224
240,Clayton,Holdren,132474225
241,Tildi,Caddick,132474226
242,Bradney,Noods,132474227
243,Bayard,Downgate,132474228
244,Pennie,Grassi,132474229
245,Toiboid,Zieme,132474230
246,Meara,Hagger,132474231
247,Anna-diana,Kee,132474232
248,Corilla,Sarge,132474233
249,Haleigh,MacGinlay,132474234
250,Fae,Peaple,132474235
251,Lonni,Turbitt,132474236
252,Saree,Van Baaren,132474237
253,Gregory,McGloughlin,132474238
254,Herc,Walaron,132474239
255,Gwennie,Bryenton,132474240
256,Odette,Stibbs,132474241
257,Harlan,Steptowe,132474242
258,Aldrich,Theseira,132474243
259,Walden,Forshaw,132474244
260,Sloane,Wrinch,132474245
261,Milty,Tansley,132474246
262,Phylis,Normant,132474247
263,Elsworth,Menat,132474248
264,Leilah,Scutt,132474249
265,Diannne,Winham,132474250
266,Ulla,Downes,132474251
267,Vernor,Shepherdson,132474252
268,Lynsey,Tortoise,132474253
269,Magdaia,McMurthy,132474254
270,Twyla,Hubball,132474255
271,Zelda,Gencke,132474256
272,Killie,Creevy,132474257
273,Bernadine,McGarrahan,132474258
274,Oswell,Fronczak,132474259
275,Amelita,Machent,132474260
276,Ragnar,Lailey,132474261
277,Edythe,Chesman,132474262
278,Booth,Ingrem,132474263
279,Brittney,Thoday,132474264
280,Vita,Annandale,132474265
281,Delcine,Morrison,132474266
282,Charissa,Pakeman,132474267
283,Sile,Dawid,132474268
284,Dorie,Prene,132474269
285,Peadar,Habbin,132474270
286,Lynnelle,Bubear,132474271
287,Kaila,Dowling,132474272
288,Onfre,Coslitt,132474273
289,Rafi,Veasey,132474274
290,Edvard,Woodruff,132474275
291,Brianne,Kither,132474276
292,Raddie,Rosa,132474277
293,Kaiser,Curgenuer,132474278
294,Breanne,Laidler,132474279
295,Jerrilee,Zuann,132474280
296,Catlee,Brackenridge,132474281
297,Ruthe,Bodega,132474282
298,Hilary,Maleck,132474283
299,Giffie,O' Mullan,132474284
300,Roman,Gauford,132474285
301,Corrine,Gammett,132474286
302,Rickert,Bortoli,132474287
303,Janela,Dennistoun,132474288
304,Fiorenze,Malamore,132474289
305,Alfie,Caulket,132474290
306,Trev,Onele,132474291
307,Maybelle,Macer,132474292
308,Maura,Ekless,132474293
309,Clari,Tuerena,132474294
310,Andres,Burfield,132474295
311,Rosanna,Walicki,132474296
312,Justen,Roney,132474297
313,Geneva,Conquer,132474298
314,Oralee,Noseworthy,132474299
315,Arleen,Lankham,132474300
316,Candace,Sibthorpe,132474301
317,Park,Aspray,132474302
318,Sibyl,Backshell,132474303
319,Anton,Adame,132474304
320,Scottie,Maidment,132474305
321,Munroe,Gettone,132474306
322,Ado,Netherclift,132474307
323,Tiphani,Berzon,132474308
324,Marielle,Waldron,132474309
325,Dirk,Tritton,132474310
326,Tremayne,Yewdale,132474311
327,Verna,Swiffan,132474312
328,Perice,Kunc,132474313
329,Arliene,Sachno,132474314
330,Read,Tomik,132474315
331,Hope,Caccavale,132474316
332,Quinn,Delwater,132474317
333,Kelsey,Byrth,132474318
334,Elfie,Stead,132474319
335,Dulcy,Learned,132474320
336,Rhodia,Mesant,132474321
337,Marjory,Dax,132474322
338,Christine,Balsdone,132474323
339,Clea,Sondon,132474324
340,Fergus,Fresson,132474325
341,Ingeborg,Scorer,132474326
342,Enrica,Hastler,132474327
343,Wilow,Cotesford,132474328
344,Barrie,Uttermare,132474329
345,Benedikt,Syddall,132474330
346,Sumner,Sackey,132474331
347,Mari,Fancourt,132474332
348,Cyndie,Parsell,132474333
349,Dane,Bartaloni,132474334
350,Veronica,Shelmerdine,132474335
351,Gusella,Ayrton,132474336
352,William,Leiden,132474337
353,Elnore,Blum,132474338
354,Paul,Scheffler,132474339
355,Olympie,Ickeringill,132474340
356,Bess,Pascow,132474341
357,Asher,Climar,132474342
358,Duncan,Tolworthy,132474343
359,Kimbra,Colvin,132474344
360,Lev,Arpin,132474345
361,Ora,Branchflower,132474346
362,Lillis,Davidove,132474347
363,Shelby,Woolley,132474348
364,Mireille,Pennicott,132474349
365,Luciana,Benbough,132474350
366,Burke,O'Lahy,132474351
367,Danica,Pauleit,132474352
368,Esma,Slimings,132474353
369,Jamal,Nice,132474354
370,Gladi,Wordesworth,132474355
371,Emmy,Stayte,132474356
372,Briney,Goodlife,132474357
373,Birgitta,Winnard,132474358
374,Sean,Code,132474359
375,Ingrid,Varfolomeev,132474360
376,Aristotle,Tissiman,132474361
377,Merrick,Demcak,132474362
378,Jeanette,Carne,132474363
379,Tiebout,Urquhart,132474364
380,Dorella,Fieldgate,132474365
381,Inness,Zanardii,132474366
382,Emili,Moncey,132474367
383,Berton,Talboy,132474368
384,Nye,Collins,132474369
385,Carter,Stanford,132474370
386,Joyce,Chastand,132474371
387,Alisa,Joburn,132474372
388,Daven,Heintsch,132474373
389,Nicola,Gallemore,132474374
390,Guenna,Leedal,132474375
391,Halsy,Whiteway,132474376
392,Trefor,Iseton,132474377
393,Bartlett,Gunthorpe,132474378
394,Cy,Clineck,132474379
395,Carr,Luty,132474380
396,Paxon,Baunton,132474381
397,Shermie,Hobson,132474382
398,Adela,Harman,132474383
399,Sherline,Kramer,132474384
400,Brynne,Jozwik,132474385
401,Damiano,O'Shevlin,132474386
402,Opalina,Jewitt,132474387
403,Lilllie,Toland,132474388
404,Bren,O'Longain,132474389
405,Boniface,Klimus,132474390
406,Husein,Dine-Hart,132474391
407,Gian,Orwin,132474392
408,Hansiain,Sedgemore,132474393
409,Nikki,Picot,132474394
410,Meryl,Hambric,132474395
411,Delmer,Reboulet,132474396
412,Mendy,O'Hegertie,132474397
413,Jessy,Hammond,132474398
414,Teressa,Chad,132474399
415,Fran,McIvor,132474400
416,Jonathan,Ilyinski,132474401
417,Odie,Wormstone,132474402
418,Wilt,Litherborough,132474403
419,Nikolia,Duffit,132474404
420,Bunny,Normanton,132474405
421,Chloette,Glazer,132474406
422,Marshall,Finkle,132474407
423,Prudence,Nollet,132474408
424,Ailis,Heinecke,132474409
425,Jenifer,Alessandrelli,132474410
426,Patton,Venditti,132474411
427,Amby,Callander,132474412
428,Renard,Stainbridge,132474413
429,Blayne,Dimock,132474414
430,Allister,Tender,132474415
431,Jean,Larmor,132474416
432,Nora,Castelijn,132474417
433,Myrtle,Yandell,132474418
434,Estrellita,Shilliday,132474419
435,Godfrey,Costello,132474420
436,Katalin,Cranton,132474421
437,Beck,Tinman,132474422
438,Christy,Mettricke,132474423
439,Anders,Del Dello,132474424
440,Allina,Timby,132474425
441,Riordan,Jovic,132474426
442,Freedman,Bernlin,132474427
443,Rhonda,Kenright,132474428
444,Malia,Vasyutichev,132474429
445,Hannis,Gianasi,132474430
446,Ines,Nottle,132474431
447,Kelsy,Korbmaker,132474432
448,Peggy,Roddell,132474433
449,Luz,Cropper,132474434
450,Gaven,Kingerby,132474435
451,Daisy,Wabe,132474436
452,Mariejeanne,Branigan,132474437
453,Juliann,Fitzsymons,132474438
454,Margalit,Thurner,132474439
455,Chandra,Pynner,132474440
456,Pattie,Lotterington,132474441
457,Emalee,Jacobowitz,132474442
458,Jud,Steinson,132474443
459,Karney,Ungaretti,132474444
460,Kelila,Halden,132474445
461,Clareta,Salmen,132474446
462,Prentice,Findlater,132474447
463,Robbert,Stannis,132474448
464,Davida,Sancias,132474449
465,Mayor,Burras,132474450
466,Roby,Bagley,132474451
467,Reta,Sanchis,132474452
468,Jacques,Sirman,132474453
469,Carmelia,Blaksley,132474454
470,Dougy,Bestwall,132474455
471,Dolf,Meegan,132474456
472,Lisabeth,Fosdick,132474457
473,Farlie,Lumbly,132474458
474,Margarette,Thwaites,132474459
475,Hillie,Jaskowicz,132474460
476,Quintus,Feldklein,132474461
477,Diena,Karadzas,132474462
478,Caddric,Mungham,132474463
479,Florella,Newcomb,132474464
480,Margery,Crabb,132474465
481,Jerrilyn,Walkley,132474466
482,Mufi,Absalom,132474467
483,Moyra,Sirrell,132474468
484,Agnola,Winham,132474469
485,Cherri,Vennings,132474470
486,Roselin,Grievson,132474471
487,Donnie,Goranov,132474472
488,Carmela,MacLice,132474473
489,Bella,Duplain,132474474
490,Muffin,Timlett,132474475
491,Izak,Menis,132474476
492,Horst,Hellier,132474477
493,Catharine,Starmont,132474478
494,Priscilla,Clarae,132474479
495,Briggs,Wilmore,132474480
496,Binnie,Witherbed,132474481
497,Farra,Gioan,132474482
498,Aubine,Rennicks,132474483
499,Godart,Shackell,132474484
500,Rivy,Meckiff,132474485
501,Jerry,Crebott,132474486
502,Roda,Donlon,132474487
503,Susana,Campes,132474488
504,Parke,Sommerscales,132474489
505,Pamela,Poynor,132474490
506,Marco,Ledstone,132474491
507,Jemimah,Kestin,132474492
508,Eustacia,Gwilt,132474493
509,Raoul,Parradye,132474494
510,Cristine,Filoniere,132474495
511,Rubi,Teers,132474496
512,Ceciley,Lamerton,132474497
513,Claribel,Pobjoy,132474498
514,Peggy,Nicolls,132474499
515,Wayland,Bewsey,132474500
516,Akim,Feldon,132474501
517,Jarad,Hatherleigh,132474502
518,Newton,Maneylaws,132474503
519,Codi,Pagin,132474504
520,Wenda,Aish,132474505
521,Dixie,Chasson,132474506
522,Letizia,Pashba,132474507
523,Aili,McNeilley,132474508
524,Sibylle,Simkin,132474509
525,Dyanna,Yesipov,132474510
526,Rhys,Bessett,132474511
527,Derrick,Jane,132474512
528,Idelle,Lindegard,132474513
529,Zora,Joannet,132474514
530,Slade,Lello,132474515
531,Gabriel,Pennick,132474516
532,Cornela,Filewood,132474517
533,Vernor,Schroeder,132474518
534,Teressa,Edmondson,132474519
535,Loni,Ferry,132474520
536,Garrik,Deave,132474521
537,Felice,Bullingham,132474522
538,Alison,Lewsley,132474523
539,Cornie,Bearcock,132474524
540,Saudra,Rosoman,132474525
541,Gladys,Jedrzej,132474526
542,Milissent,Mellody,132474527
543,Reeta,Everil,132474528
544,Koralle,Plitz,132474529
545,Dehlia,Cearley,132474530
546,Trina,Consadine,132474531
547,Bradney,Gertz,132474532
548,Roseline,Karlolczak,132474533
549,Llywellyn,Guillerman,132474534
550,Frazer,Gurner,132474535
551,Katee,Behnke,132474536
552,Alta,Spark,132474537
553,Nonah,Masseo,132474538
554,Madeleine,Rossoni,132474539
555,Sibeal,Glew,132474540
556,Doralynn,Rodolico,132474541
557,Andriette,D' Angelo,132474542
558,Barbabra,Aylmer,132474543
559,Aubry,Poser,132474544
560,Ernest,Ubsdall,132474545
561,Quint,Kenningham,132474546
562,Yvette,Bergstrand,132474547
563,Theodosia,Lidgley,132474548
564,Shanda,Rawes,132474549
565,Serge,Mitford,132474550
566,Ezekiel,Gawn,132474551
567,Carola,Tremollet,132474552
568,Maryjo,Strathearn,132474553
569,Valli,Beaulieu,132474554
570,Mateo,Ruthven,132474555
571,Wilden,Huffer,132474556
572,Rosco,Toffetto,132474557
573,Tuck,Orchart,132474558
574,Karina,Selley,132474559
575,Symon,Duham,132474560
576,Germain,Tesh,132474561
577,Darcee,Duckering,132474562
578,Madelina,Lerven,132474563
579,Vernice,Bessett,132474564
580,Christos,Gooda,132474565
581,De,Keane,132474566
582,Bradney,Lowther,132474567
583,Karlik,Robert,132474568
584,Ham,Fosdick,132474569
585,Stefa,Davidovics,132474570
586,Jerald,Hayford,132474571
587,Paula,MacCaughan,132474572
588,Fedora,Else,132474573
589,Kath,Leftwich,132474574
590,Evvie,Willcot,132474575
591,Bendicty,Chevers,132474576
592,Friedrich,Wallbanks,132474577
593,Britta,Jayme,132474578
594,Filide,Delgua,132474579
595,Fredra,Halwood,132474580
596,Pacorro,Stones,132474581
597,Brit,Barnet,132474582
598,Berny,Liell,132474583
599,Teresa,Kinnoch,132474584
600,Biddie,Mellanby,132474585
601,Vanda,Robbert,132474586
602,Andee,Yukhtin,132474587
603,Filmer,Sphinxe,132474588
604,Danya,Emlin,132474589
605,Onfroi,Plastow,132474590
606,Kerrin,Sauter,132474591
607,Maud,Schellig,132474592
608,Cobbie,Swyndley,132474593
609,Maddie,Pinkett,132474594
610,Feodora,Cornau,132474595
611,Vinnie,Hundal,132474596
612,Janene,Yoell,132474597
613,Rogers,Magor,132474598
614,Fawnia,Hulls,132474599
615,Kerrie,Mailey,132474600
616,Fina,Pimlett,132474601
617,Marja,Strase,132474602
618,Katti,Graber,132474603
619,Jeana,Celier,132474604
620,Armand,Ord,132474605
621,Franny,Courvert,132474606
622,Ginger,Corrado,132474607
623,Catlaina,Burdge,132474608
624,Wood,Segoe,132474609
625,Avictor,Crippill,132474610
626,Cob,Dusey,132474611
627,Cris,Whyman,132474612
628,Skyler,Randle,132474613
629,Lorry,VanBrugh,132474614
630,Perceval,Tawton,132474615
631,Joellen,Le Lievre,132474616
632,Alexander,Dolling,132474617
633,Gradey,Le land,132474618
634,Randell,Padula,132474619
635,Matelda,Tregien,132474620
636,Lodovico,Tight,132474621
637,Gregor,Kornel,132474622
638,Hurlee,Reynoollds,132474623
639,Emilee,Lambirth,132474624
640,Pancho,Hebborn,132474625
641,Nehemiah,McQueen,132474626
642,Ferguson,Rogerot,132474627
643,Junia,Andreacci,132474628
644,Earle,Byng,132474629
645,Coleen,Sutherland,132474630
646,Grata,Pattisson,132474631
647,Lucio,Dahlman,132474632
648,Maxwell,Erett,132474633
649,Aveline,Lakey,132474634
650,Frank,Dunaway,132474635
651,Hailee,Cockman,132474636
652,Isacco,Raffeorty,132474637
653,Aimil,Hannaway,132474638
654,Sammie,Shortland,132474639
655,Cariotta,Spalding,132474640
656,Olivie,Pawlaczyk,132474641
657,Cathryn,Pickles,132474642
658,Anthe,Ambrosetti,132474643
659,Johnathan,Thurby,132474644
660,Bartholemy,Harty,132474645
661,Clifford,Benoi,132474646
662,Tiphany,Hanse,132474647
663,Felicle,Trevarthen,132474648
664,Howey,Gardner,132474649
665,Dare,Kearey,132474650
666,Alida,Spinage,132474651
667,Betteann,Houdhury,132474652
668,Manda,Ousbie,132474653
669,Nicolle,Scrigmour,132474654
670,Isadora,Copcott,132474655
671,Othilia,Wawer,132474656
672,Madlen,Allitt,132474657
673,Brittan,Lovell,132474658
674,Arnoldo,Phair,132474659
675,Flss,Fippe,132474660
676,Chloe,Reddihough,132474661
677,Barton,Terren,132474662
678,Erik,Rummins,132474663
679,Maire,Dowbakin,132474664
680,Umeko,Crafter,132474665
681,Jody,Wither,132474666
682,Ermina,Grice,132474667
683,Tamqrah,Ropking,132474668
684,Ambrose,Aizik,132474669
685,Daloris,Weekes,132474670
686,Juan,Dran,132474671
687,Bill,Steane,132474672
688,Tobin,Riccioppo,132474673
689,Vinni,Everard,132474674
690,Alana,Barrowcliffe,132474675
691,Benjy,Hayton,132474676
692,Gradey,Chaplain,132474677
693,Meghan,Azema,132474678
694,Roarke,Vankeev,132474679
695,Con,Rice,132474680
696,Ofilia,Dobble,132474681
697,Marlon,Pollendine,132474682
698,Lalo,Selley,132474683
699,Amerigo,Doni,132474684
700,Amy,Posselow,132474685
701,Jamesy,Kightly,132474686
702,Alameda,Colleck,132474687
703,Lion,Duckels,132474688
704,Freida,Shevels,132474689
705,Alverta,Lambswood,132474690
706,Gussie,Wherrett,132474691
707,Lancelot,Klimashevich,132474692
708,Margeaux,Coon,132474693
709,Melinda,Pagen,132474694
710,Bernelle,Manuele,132474695
711,Jayne,Tompkinson,132474696
712,Emily,Charity,132474697
713,Rorke,Gallemore,132474698
714,Lisle,Braisby,132474699
715,Avram,Sutterby,132474700
716,Jessica,Janton,132474701
717,Kasey,Howatt,132474702
718,Stella,Hembery,132474703
719,Emili,Scates,132474704
720,Mathian,McGlaud,132474705
721,Cthrine,Guisler,132474706
722,Genia,Divall,132474707
723,Sinclare,Keat,132474708
724,Juli,Elecum,132474709
725,Corrie,Licciardiello,132474710
726,Worthy,Winder,132474711
727,Tammy,de'-Ancy Willis,132474712
728,Elsey,Clogg,132474713
729,Earl,Ockwell,132474714
730,Deny,Cuerdall,132474715
731,Boniface,Blackaby,132474716
732,Annnora,Thorne,132474717
733,Annecorinne,McRonald,132474718
734,Meggi,Jenman,132474719
735,Ynes,Percival,132474720
736,Mohandas,Islep,132474721
737,Chrystel,Miere,132474722
738,Gery,Littell,132474723
739,Lotte,Burchnall,132474724
740,Rollins,Dreinan,132474725
741,Ree,Southcott,132474726
742,Mata,Rutter,132474727
743,Winfred,Sallnow,132474728
744,Susana,Chopping,132474729
745,Keir,Galbraeth,132474730
746,Hurley,Clementson,132474731
747,Brock,Barfford,132474732
748,Odilia,Methringham,132474733
749,Mirilla,Kipling,132474734
750,Debbie,O'Fairy,132474735
751,Matteo,Jarrelt,132474736
752,Jerry,Adrain,132474737
753,Mick,Hertwell,132474738
754,Dyann,De Meis,132474739
755,Dulcy,Scrange,132474740
756,Cordi,Ottery,132474741
757,Carma,Petschelt,132474742
758,Janifer,Pieroni,132474743
759,Arlen,Spiby,132474744
760,Saundra,McVicker,132474745
761,Ennis,Standingford,132474746
762,Bo,Sygroves,132474747
763,Roseann,Chippin,132474748
764,Noe,Chalice,132474749
765,Olag,McIlroy,132474750
766,Merola,Pierri,132474751
767,Danya,Raeburn,132474752
768,Timothee,Edson,132474753
769,Dacia,Stringfellow,132474754
770,Danna,Burgon,132474755
771,Gigi,Grose,132474756
772,Lyman,Ansett,132474757
773,Genvieve,Harry,132474758
774,Brandea,Stanfield,132474759
775,Filippa,Gascone,132474760
776,Emiline,Langmaid,132474761
777,Baxy,Newton,132474762
778,Gaylene,Bearsmore,132474763
779,Aluin,Muston,132474764
780,Glenda,Mc Carrick,132474765
781,Drucill,Juanes,132474766
782,Neely,Buckett,132474767
783,Reuven,Lottrington,132474768
784,Lombard,Forrestill,132474769
785,Pall,Vannah,132474770
786,Jarrod,Giraudeau,132474771
787,Quinta,Baine,132474772
788,Conway,Evamy,132474773
789,Ahmed,Coalbran,132474774
790,Del,Tunnah,132474775
791,Farlay,Tutchener,132474776
792,Derby,Moulds,132474777
793,Christoper,Lippingwell,132474778
794,Teddy,Hellyer,132474779
795,Spense,Dougill,132474780
796,Bevon,Stevings,132474781
797,Penelopa,Leighton,132474782
798,Welch,Shout,132474783
799,Kelby,Middup,132474784
800,Anthea,Gyrgorwicx,132474785
801,Calhoun,Cherry,132474786
802,Annabel,Antonoyev,132474787
803,Kaylil,Walford,132474788
804,Isabel,Itchingham,132474789
805,Cleon,Lodford,132474790
806,Kele,Koppke,132474791
807,Lorne,Stormes,132474792
808,Colet,Konert,132474793
809,Mareah,Thorburn,132474794
810,Dario,Rockwill,132474795
811,Bendite,Hessay,132474796
812,Arlee,Waterfall,132474797
813,Donelle,Roadknight,132474798
814,Tudor,Hadfield,132474799
815,Thomas,Strickett,132474800
816,Mackenzie,Chippin,132474801
817,Millicent,Lawry,132474802
818,Dolly,Iacomi,132474803
819,Alf,Rowston,132474804
820,Norbie,Cargo,132474805
821,Morlee,Hasser,132474806
822,Shaine,Balnaves,132474807
823,Dunstan,Kimbury,132474808
824,Pattie,Zecchetti,132474809
825,Brit,Orris,132474810
826,Genvieve,Le Leu,132474811
827,Evyn,Sambiedge,132474812
828,Torey,Isselee,132474813
829,Bee,Kilbride,132474814
830,Nikos,Knappe,132474815
831,Davide,Lauridsen,132474816
832,Kat,Guyon,132474817
833,Alyssa,Kienlein,132474818
834,Lacy,Bonwell,132474819
835,Kendall,Rudgerd,132474820
836,Travis,Bullan,132474821
837,Gillian,Emmott,132474822
838,Spense,Cape,132474823
839,Amalie,Hymas,132474824
840,Any,Waldron,132474825
841,Rogers,Potter,132474826
842,Rochelle,Amoore,132474827
843,Mathilda,Vedenyapin,132474828
844,Kissee,Angeli,132474829
845,Asher,Tearle,132474830
846,Taffy,Rumke,132474831
847,Bernadette,Connal,132474832
848,Dale,Symington,132474833
849,Jaimie,Soan,132474834
850,Cathryn,Marquand,132474835
851,Cathy,Jacketts,132474836
852,Bria,Bloxham,132474837
853,Ambrosi,Lorkin,132474838
854,Boigie,Suart,132474839
855,Rosina,Strephan,132474840
856,Rochette,Caston,132474841
857,Fionna,Codner,132474842
858,Nannie,Self,132474843
859,Sib,Jeannel,132474844
860,Layla,Ashplant,132474845
861,Ripley,Skirvane,132474846
862,Lucille,Eltun,132474847
863,Hersh,Beebis,132474848
864,Winnie,Hopfner,132474849
865,Jobey,Rives,132474850
866,Benedetta,Orro,132474851
867,Madelle,Blakey,132474852
868,Simmonds,Mundow,132474853
869,Ame,Drillot,132474854
870,Alika,Maulin,132474855
871,Sydelle,Mayne,132474856
872,Christos,Cornborough,132474857
873,Corliss,Chittleburgh,132474858
874,Fernande,Rissom,132474859
875,Cross,Bilverstone,132474860
876,Horace,Goodere,132474861
877,Kimball,Shillabeare,132474862
878,Darryl,Lockitt,132474863
879,Sibella,Henstridge,132474864
880,Jorgan,Whitehurst,132474865
881,Caye,Blyden,132474866
882,Krista,Coraini,132474867
883,Wallis,Hulland,132474868
884,Iseabal,Albery,132474869
885,Carlye,Stockoe,132474870
886,Patrizia,MacAloren,132474871
887,Ernestine,Bursnoll,132474872
888,Gerhardt,Gooda,132474873
889,Lucille,Cooling,132474874
890,Mackenzie,Knifton,132474875
891,Lindsy,Lainge,132474876
892,Teddie,MacCarroll,132474877
893,Felike,Killford,132474878
894,Tirrell,Niblett,132474879
895,Seline,Evangelinos,132474880
896,Gerda,Adanez,132474881
897,Tawsha,Fearnyhough,132474882
898,Lorain,Hasslocher,132474883
899,Carr,Lomax,132474884
900,Jermain,Vivian,132474885
901,Koenraad,Beamson,132474886
902,Fred,Helbeck,132474887
903,Gill,Patnelli,132474888
904,Correy,Liquorish,132474889
905,Averell,Raynor,132474890
906,Durant,Wloch,132474891
907,Natty,Pigford,132474892
908,Jaynell,Rabbet,132474893
909,Giselbert,Ovize,132474894
910,Algernon,Fazan,132474895
911,Norby,O' Neligan,132474896
912,Sharai,Pluthero,132474897
913,Peterus,Hayley,132474898
914,Alexandros,Vuittet,132474899
915,Bronnie,Sherwell,132474900
916,Yelena,Peek,132474901
917,Maggy,Starmer,132474902
918,Marchelle,Tilliards,132474903
919,Kelci,Ormond,132474904
920,Armin,Goaks,132474905
921,Tracey,Rohan,132474906
922,Libbey,Willoughley,132474907
923,Jody,Gorvette,132474908
924,Billy,Creasey,132474909
925,Ginni,McTrustey,132474910
926,Laryssa,Mateescu,132474911
927,Daryn,Champniss,132474912
928,Marline,Wigan,132474913
929,Arlan,Kibbey,132474914
930,Benjy,Doumic,132474915
931,Morgen,Wermerling,132474916
932,Aron,Faichnie,132474917
933,Shina,Hardbattle,132474918
934,Noak,Whitsey,132474919
935,Mikkel,Ranaghan,132474920
936,Susana,Frisdick,132474921
937,Sigmund,Treadgear,132474922
938,Nerti,Finnick,132474923
939,Kirstin,De Freyne,132474924
940,Blinny,Pryer,132474925
941,Madelle,Sowrah,132474926
942,Brittney,Feltham,132474927
943,Carver,Gladyer,132474928
944,Brandy,Veronique,132474929
945,Kyla,Morgue,132474930
946,Cherianne,Sinson,132474931
947,Linzy,Venard,132474932
948,Morty,Atyea,132474933
949,Julienne,De Paoli,132474934
950,Julianne,Gashion,132474935
951,Charmine,Topling,132474936
952,Vern,McArtan,132474937
953,Edmon,Phythien,132474938
954,Chevy,Ravenscroftt,132474939
955,Osbourn,Mabbott,132474940
956,Delly,Castles,132474941
957,Arte,Russe,132474942
958,Vilma,Dickins,132474943
959,Shelby,Deacon,132474944
960,Fawn,Delwater,132474945
961,Aurthur,Kenan,132474946
962,Levi,Arondel,132474947
963,Doloritas,Trubshawe,132474948
964,Fancie,Easton,132474949
965,Joela,Ormond,132474950
966,Ephraim,Spenclay,132474951
967,Nathanial,Fearnill,132474952
968,Creight,Mullin,132474953
969,Etienne,Syalvester,132474954
970,Brooke,Haseman,132474955
971,Justen,Hodgins,132474956
972,Harriott,Hitscher,132474957
973,Ramsay,Visco,132474958
974,Luther,Ceaser,132474959
975,Alexandre,Peevor,132474960
976,Joya,Marginson,132474961
977,Thurstan,Ronisch,132474962
978,Cam,Bearward,132474963
979,Henrik,Crush,132474964
980,Cornie,Cuxson,132474965
981,Wilbert,Doumerc,132474966
982,Alana,Kempson,132474967
983,Ware,Ogborn,132474968
984,Jacinthe,Melling,132474969
985,Kora,Zorzin,132474970
986,Sibel,Simonassi,132474971
987,Hubey,Hurren,132474972
988,Adah,Lyst,132474973
989,Elli,Toomer,132474974
990,Nevile,Vertigan,132474975
991,Kerby,Jzhakov,132474976
992,Valaree,Lucy,132474977
993,Bord,Anstice,132474978
994,Darrel,Jacquet,132474979
995,Bastian,Pantecost,132474980
996,Timoteo,Tallon,132474981
997,Cynthia,Parry,132474982
998,Gaylene,Grabb,132474983
999,Garvin,Bancroft,132474984
1000,Brod,Degoix,132474985
