id_student,first_name,last_name,career,identity
1,Romona,Braunle,35,27245386
2,Stacy,Grunder,20,27245387
3,Shurwood,Bartley,26,27245388
4,Trumaine,Morican,32,27245389
5,Shir,Alman,21,27245390
6,Northrup,Poletto,16,27245391
7,Wallis,Roughan,34,27245392
8,Clementina,De Cleyne,9,27245393
9,Bobbee,Yegoshin,16,27245394
10,Saleem,Lambswood,36,27245395
11,Doroteya,Border,6,27245396
12,Dore,Baitey,32,27245397
13,Corinne,McPhail,14,27245398
14,Anselma,Ifill,4,27245399
15,Guinna,Boydon,14,27245400
16,Hayes,Argente,3,27245401
17,Loren,Wicken,7,27245402
18,Jordain,Crips,7,27245403
19,Nikolas,Clouston,17,27245404
20,Byron,Greder,24,27245405
21,Zane,Lyst,9,27245406
22,Rory,Looney,36,27245407
23,Nollie,Wanklin,24,27245408
24,Nicki,Aleixo,26,27245409
25,Pia,Brosh,14,27245410
26,Arlena,Milland,16,27245411
27,Dayle,Rojel,31,27245412
28,Georges,Alan,18,27245413
29,Davide,Handforth,1,27245414
30,Fred,Huncote,3,27245415
31,Ernesto,Ravenhills,32,27245416
32,Beltran,Snedker,8,27245417
33,Waverly,Eronie,1,27245418
34,Lissa,Bullus,4,27245419
35,Matthus,Barlas,20,27245420
36,Natasha,Enterle,19,27245421
37,Amelia,Linneman,8,27245422
38,Erika,Moughtin,6,27245423
39,Stanfield,Bofield,26,27245424
40,Maude,Lassey,5,27245425
41,Xymenes,Hasted,27,27245426
42,Stephanus,Parratt,35,27245427
43,Erika,Mattiello,36,27245428
44,Elissa,Kelling,36,27245429
45,Cheryl,Borsnall,31,27245430
46,Xenia,Rosenzveig,18,27245431
47,Ansley,Blackborow,19,27245432
48,Chrysler,Francesco,30,27245433
49,Terese,Rewcassell,6,27245434
50,Elke,Petri,2,27245435
51,Irena,Thouless,36,27245436
52,Annecorinne,Fiddian,2,27245437
53,Eliot,Shorey,19,27245438
54,Idette,McCome,19,27245439
55,Paloma,Wildsmith,11,27245440
56,Richmond,Warbrick,28,27245441
57,Aloysius,Coalburn,31,27245442
58,Juliann,Malinowski,9,27245443
59,Briggs,Plastow,26,27245444
60,Lynnet,Thorrold,19,27245445
61,Eunice,MacAiline,1,27245446
62,Sarene,Chang,26,27245447
63,Isidor,Howerd,10,27245448
64,Neill,Double,12,27245449
65,Billi,Bewly,21,27245450
66,Skippie,Yandell,12,27245451
67,Sheffie,Wisdom,36,27245452
68,Olva,Starton,28,27245453
69,Arlette,Reinard,13,27245454
70,Jaine,McCroary,29,27245455
71,Ruthann,Austen,13,27245456
72,Kristos,Davio,6,27245457
73,Griffin,Phlippi,14,27245458
74,Fedora,Batrop,17,27245459
75,Mateo,Catlow,9,27245460
76,Merline,Haugg,23,27245461
77,Tiena,Jillins,29,27245462
78,Darwin,Yosifov,22,27245463
79,Odetta,Tebald,34,27245464
80,Marillin,Loveitt,20,27245465
81,Elfreda,Smidmor,7,27245466
82,Morry,Ewin,26,27245467
83,Cori,Slocomb,22,27245468
84,Vanny,Crowne,33,27245469
85,Chauncey,Spuner,9,27245470
86,Jereme,Drage,23,27245471
87,Linzy,Jessope,32,27245472
88,Herbert,Sandwick,29,27245473
89,Barth,Parzizek,30,27245474
90,Brook,O'Cridigan,16,27245475
91,Gretal,Coughlin,31,27245476
92,Felic,Hurche,28,27245477
93,Harmonia,Anfusso,17,27245478
94,Immanuel,Shutt,19,27245479
95,Micki,Radford,22,27245480
96,Bonnibelle,Leaves,7,27245481
97,Meredithe,Sjollema,15,27245482
98,Chilton,Doneld,34,27245483
99,Alys,Predohl,2,27245484
100,Kamillah,Gillicuddy,20,27245485
101,Myrvyn,MacUchadair,25,27245486
102,Branden,Laroze,31,27245487
103,Jackelyn,Cullinan,1,27245488
104,Benjamin,Guyon,4,27245489
105,Cati,Ingram,10,27245490
106,Tiffie,Worcs,12,27245491
107,Giuseppe,Taye,20,27245492
108,Hewie,Blinerman,4,27245493
109,Parke,Ganiclef,16,27245494
110,Delila,Knowlden,3,27245495
111,Bessie,Sands,20,27245496
112,Lorri,Meah,36,27245497
113,Kameko,Cresser,20,27245498
114,Cornelius,Goodsell,21,27245499
115,Karel,Fuggle,33,27245500
116,Mario,Meeks,33,27245501
117,Sam,Bridewell,34,27245502
118,Ab,Pautard,10,27245503
119,Faulkner,Dundridge,33,27245504
120,Eugene,Fullbrook,7,27245505
121,Matt,McCome,12,27245506
122,Neda,Vezey,15,27245507
123,Upton,Bromley,3,27245508
124,Prissie,Spera,25,27245509
125,Zacharie,Bridger,15,27245510
126,Kendrick,Toombs,33,27245511
127,Stern,Croal,30,27245512
128,Nedi,Ebertz,17,27245513
129,Carlos,Askwith,7,27245514
130,Hughie,Dennant,31,27245515
131,Ashla,Nicholes,29,27245516
132,Crawford,Allbones,32,27245517
133,Alisha,Plank,22,27245518
134,Neilla,Naire,7,27245519
135,Krystyna,Lucio,33,27245520
136,Brad,Wailes,6,27245521
137,Webster,Rizzone,12,27245522
138,Alicea,Turley,26,27245523
139,Nevile,Charsley,33,27245524
140,Stephana,Tann,2,27245525
141,Klement,Astie,28,27245526
142,Marcela,Chadney,2,27245527
143,Joeann,Dulwich,32,27245528
144,Tera,Forrestor,30,27245529
145,Tallou,Poxson,10,27245530
146,Delores,Maddra,21,27245531
147,Cleon,Robyns,12,27245532
148,Lucho,Minger,28,27245533
149,Ines,Coales,34,27245534
150,Jacquetta,Benasik,12,27245535
151,Buffy,Lafflin,12,27245536
152,Jodee,West,5,27245537
153,Vicki,Venners,31,27245538
154,Lorilee,Sansum,14,27245539
155,Felice,Audrey,36,27245540
156,Bald,Bragginton,1,27245541
157,Marthena,Bony,17,27245542
158,Binnie,Crannis,22,27245543
159,Arnuad,Vel,11,27245544
160,Andi,Tolle,30,27245545
161,Rozalin,Henden,5,27245546
162,Bambi,Althrop,17,27245547
163,Garth,Pickburn,12,27245548
164,Coleen,Ruggs,12,27245549
165,Oliviero,Callow,17,27245550
166,Zita,Abrams,30,27245551
167,Loria,Spinola,22,27245552
168,Cacilie,Saladine,31,27245553
169,Maureen,Antoniewicz,36,27245554
170,Nalani,Dayes,8,27245555
171,Andi,Drowsfield,24,27245556
172,Carny,Lundbech,35,27245557
173,Doris,Tungate,17,27245558
174,Tandie,Wilcinskis,30,27245559
175,Kanya,O'Sirin,25,27245560
176,Izzy,Ca,1,27245561
177,Jesse,Cotsford,15,27245562
178,Warner,Beagrie,33,27245563
179,Phillipp,Mazzia,9,27245564
180,Angelia,Beazer,33,27245565
181,Rosemonde,Jovic,32,27245566
182,Gloriane,Fleckno,8,27245567
183,Cobb,Keeping,22,27245568
184,Catrina,Maine,16,27245569
185,Charley,Pietrzyk,34,27245570
186,Charita,Webley,14,27245571
187,Marjorie,O'Hartnett,13,27245572
188,Zacharie,Scothron,32,27245573
189,Danica,Burchall,32,27245574
190,Jarrod,McGoldrick,29,27245575
191,Danya,Carrol,19,27245576
192,Nicolis,Elkington,16,27245577
193,Natasha,Lockhurst,35,27245578
194,Emmalynn,Tyrrell,4,27245579
195,Tarra,Yearn,35,27245580
196,Frasquito,Freed,7,27245581
197,Ody,Petrollo,29,27245582
198,Gretna,Veysey,3,27245583
199,Pen,Boutton,10,27245584
200,Madelyn,Annakin,25,27245585
201,Appolonia,Lavies,10,27245586
202,Wilbert,Whitefoot,12,27245587
203,Zoe,Fuggle,31,27245588
204,Blair,Burchard,36,27245589
205,Wakefield,O'Cullen,33,27245590
206,Ericka,Jeannequin,33,27245591
207,Jacqui,Clewlow,7,27245592
208,Abbe,Ker,8,27245593
209,Kristo,Roseborough,32,27245594
210,Trish,Singleton,22,27245595
211,Hazel,Braunfeld,7,27245596
212,Leena,Rens,32,27245597
213,Juan,Sanches,7,27245598
214,Laughton,Ropartz,15,27245599
215,Arv,Pennell,3,27245600
216,Marlena,Kilcullen,17,27245601
217,Lizbeth,Simka,24,27245602
218,Robby,Wallicker,9,27245603
219,Demeter,Waywell,29,27245604
220,Celine,Huton,31,27245605
221,Bradney,Incogna,13,27245606
222,Teddy,Resdale,6,27245607
223,Sibley,Hazeman,10,27245608
224,Sadye,Kedge,12,27245609
225,Bernarr,Ahrendsen,4,27245610
226,Finley,Bazelle,27,27245611
227,Dayle,Oades,4,27245612
228,Mina,Barron,32,27245613
229,Raeann,Speke,20,27245614
230,Deloris,Grishankov,27,27245615
231,Sidonia,Hainge,19,27245616
232,Phillie,Muslim,18,27245617
233,Carine,Exeter,14,27245618
234,Rosa,Hovie,20,27245619
235,Anselm,Schelle,13,27245620
236,Fernande,Miche,6,27245621
237,Zilvia,Granville,16,27245622
238,Marja,Dallimare,20,27245623
239,Willyt,Steed,11,27245624
240,Byrle,Monsey,33,27245625
241,Murry,Myott,14,27245626
242,Garey,Trunks,4,27245627
243,Francis,Pitblado,26,27245628
244,Wilfrid,Perell,22,27245629
245,Lion,Nunn,32,27245630
246,Portie,Goldthorpe,33,27245631
247,Temple,Hanratty,23,27245632
248,Reinhold,Sewell,1,27245633
249,Nathan,Frantzen,1,27245634
250,Udell,Illidge,9,27245635
251,Heindrick,Elwood,22,27245636
252,Edeline,MacLeese,3,27245637
253,Sallyanne,Kornilov,20,27245638
254,Pryce,Camilleri,11,27245639
255,Latisha,Ivatts,4,27245640
256,Ailey,Iwanowski,32,27245641
257,Joella,Arnopp,10,27245642
258,Tann,Cashford,24,27245643
259,Deanne,Losseljong,21,27245644
260,Dun,Whyatt,5,27245645
261,Homere,Paydon,34,27245646
262,Barbie,Della Scala,19,27245647
263,Miranda,Brasier,28,27245648
264,Angelita,Bortol,25,27245649
265,Leese,Bladon,33,27245650
266,Alisha,Boother,31,27245651
267,Brock,Mougel,8,27245652
268,Trixy,Didsbury,34,27245653
269,Elvin,Roelvink,36,27245654
270,Eleanore,Breslauer,18,27245655
271,Missy,Schorah,30,27245656
272,Yuri,Pimlett,14,27245657
273,Cyrill,Zamora,31,27245658
274,Andrej,Calver,9,27245659
275,Helsa,Arrol,29,27245660
276,Ian,Serfati,27,27245661
277,Shirlee,Huntingdon,26,27245662
278,Mendy,Megarrell,33,27245663
279,Klarika,O'Cahill,11,27245664
280,El,Ellen,28,27245665
281,Hetti,Clemas,12,27245666
282,Davie,Reimer,3,27245667
283,Noelle,Trewett,2,27245668
284,Phyllys,Perrott,27,27245669
285,Lebbie,Deekes,24,27245670
286,Kale,Bohden,28,27245671
287,Tabbie,Wodeland,18,27245672
288,Elnar,Hubbocks,11,27245673
289,Donni,Bean,7,27245674
290,Korrie,Cullin,31,27245675
291,Emery,Krzysztof,27,27245676
292,Avril,Welbrock,3,27245677
293,Christal,Conochie,4,27245678
294,Vern,Jeandin,11,27245679
295,Jana,Millions,16,27245680
296,Bran,Metzing,12,27245681
297,Melinde,Croser,3,27245682
298,Zorine,Damiata,23,27245683
299,Dolph,Roo,22,27245684
300,Xenia,Rollo,2,27245685
301,Dotti,Skewes,11,27245686
302,Cleavland,Borlease,2,27245687
303,Johnath,Owbrick,17,27245688
304,Anthony,Dilworth,6,27245689
305,Effie,Borg,22,27245690
306,Francklyn,Neljes,18,27245691
307,Lyn,Dell Casa,25,27245692
308,Dorie,Danahar,15,27245693
309,Bayard,Calverley,8,27245694
310,Di,Fredi,12,27245695
311,Jobey,Pothergill,10,27245696
312,Uta,Bossingham,15,27245697
313,Lorine,Antrack,11,27245698
314,Ailey,Mulford,18,27245699
315,Murielle,Purselow,32,27245700
316,Klement,Tomasini,9,27245701
317,Nicko,Bezzant,1,27245702
318,Peg,Hudleston,34,27245703
319,Hildegarde,Tampling,13,27245704
320,Tova,O'Kennavain,4,27245705
321,Winifred,Rosson,9,27245706
322,Yovonnda,Telezhkin,33,27245707
323,Northrup,Lawlan,8,27245708
324,Adela,Brunker,34,27245709
325,Roth,Palle,35,27245710
326,Nanci,Matcham,6,27245711
327,Mozelle,Donke,6,27245712
328,Mathew,Duran,16,27245713
329,Bird,Folbig,35,27245714
330,Hagan,McPherson,13,27245715
331,Starlene,Campagne,26,27245716
332,Ester,Enns,31,27245717
333,Lynda,Twitchett,33,27245718
334,Seward,Armall,3,27245719
335,Norrie,Casacchia,12,27245720
336,Deana,Gamlen,31,27245721
337,Jennica,Marzele,25,27245722
338,Verla,Trainor,31,27245723
339,Selle,Frain,11,27245724
340,Dionisio,Gillcrist,29,27245725
341,Nonah,Plewes,4,27245726
342,Nicolette,Warfield,21,27245727
343,Laverna,Urlich,17,27245728
344,Sidoney,Tummons,35,27245729
345,Terrence,Mullen,10,27245730
346,Delano,Hobble,31,27245731
347,Cleve,Reyes,10,27245732
348,Renae,Roby,22,27245733
349,Kaylyn,Cosans,23,27245734
350,Marena,Sinden,16,27245735
351,Lyndy,Garnam,33,27245736
352,Gasparo,Cossell,29,27245737
353,Herbert,Brodeau,25,27245738
354,Kylie,Upex,13,27245739
355,Artair,Kippie,18,27245740
356,Jeff,Blaney,20,27245741
357,Shaylah,Lansdale,17,27245742
358,Rabbi,Tucknott,34,27245743
359,Nickolas,MacLachlan,12,27245744
360,Francesca,Gwinnell,31,27245745
361,Jennifer,Aikin,10,27245746
362,Jacob,Brankley,8,27245747
363,Shena,Ramsbottom,2,27245748
364,Sydelle,Litel,32,27245749
365,Giorgio,Pibsworth,1,27245750
366,Vinita,Exon,8,27245751
367,Agnes,Rhymer,29,27245752
368,Curran,Antonsson,23,27245753
369,Alexine,Croall,2,27245754
370,Mordecai,Hadcock,15,27245755
371,Reynold,Bantick,33,27245756
372,Jule,Craigie,3,27245757
373,Maria,Pickover,11,27245758
374,Constantin,Asprey,4,27245759
375,Kirstyn,Hazeman,8,27245760
376,Edin,Kier,33,27245761
377,Goldarina,Willarton,32,27245762
378,Malinda,Feeham,36,27245763
379,Ruthy,Crutcher,24,27245764
380,Deeanne,Hubbold,31,27245765
381,Karleen,Arnoll,3,27245766
382,Jillane,Gudyer,19,27245767
383,Charlotta,Shepard,2,27245768
384,Agosto,Bartoletti,11,27245769
385,Paul,Lapthorne,3,27245770
386,Wilburt,Snoday,36,27245771
387,Thomasina,Marcroft,33,27245772
388,Helge,Parks,34,27245773
389,Bessie,Andrivot,28,27245774
390,Christiane,Thor,12,27245775
391,Paten,Sheasby,35,27245776
392,Patty,Bernakiewicz,26,27245777
393,Ennis,Kender,1,27245778
394,Kenny,Morriarty,32,27245779
395,Janela,De Mitri,3,27245780
396,Egon,Cruxton,10,27245781
397,Verina,Manners,30,27245782
398,Elena,Mertin,13,27245783
399,Chandra,Calbaithe,31,27245784
400,Colline,Gehringer,27,27245785
401,Teriann,Murrigans,35,27245786
402,Rene,Pedreschi,2,27245787
403,Hanni,Lawling,20,27245788
404,Mariya,Capun,27,27245789
405,Deeyn,Gadesby,31,27245790
406,Jan,Penner,23,27245791
407,Mozelle,Wasiela,36,27245792
408,Aileen,De Metz,26,27245793
409,Nathanael,McSporon,8,27245794
410,Salvatore,Jerrim,8,27245795
411,Tatiania,Espasa,6,27245796
412,Goldie,Sollner,12,27245797
413,Anya,Gething,29,27245798
414,Beau,Ashment,21,27245799
415,Nealon,Gaymer,10,27245800
416,Yves,Luna,16,27245801
417,Dede,Hogben,35,27245802
418,Pavlov,Scotchford,33,27245803
419,Dill,Devenny,34,27245804
420,Sher,Cleworth,36,27245805
421,Gussie,Yesson,28,27245806
422,Tyne,McFarland,20,27245807
423,Sada,Booley,32,27245808
424,Wald,Acaster,30,27245809
425,Tiena,Howorth,3,27245810
426,Fredrika,Wimlet,19,27245811
427,Bette-ann,O'Caherny,9,27245812
428,Rudd,Kanzler,3,27245813
429,Betsey,Reinhard,9,27245814
430,Orsola,Prest,32,27245815
431,Titos,Morcomb,6,27245816
432,Walther,Awton,22,27245817
433,Ottilie,Kimbly,24,27245818
434,Farra,Kopf,20,27245819
435,Shina,Mandry,33,27245820
436,Rafaello,Figgures,9,27245821
437,Ezekiel,Druce,16,27245822
438,Humfrey,Dilley,35,27245823
439,Audrie,Abramovici,31,27245824
440,Urbain,Whitmarsh,16,27245825
441,Cassandra,MacCallester,33,27245826
442,Chrisse,Lavallie,8,27245827
443,Gustave,Rudyard,27,27245828
444,Noellyn,Bentick,33,27245829
445,Shadow,Andresser,13,27245830
446,Storm,Mansell,32,27245831
447,Eadmund,Charke,1,27245832
448,Bo,Felderer,20,27245833
449,Carolee,Wolsey,28,27245834
450,Korney,Raiker,33,27245835
451,Christabella,Elnaugh,27,27245836
452,Huntley,Haddington,4,27245837
453,Petronille,Castellone,13,27245838
454,Leonid,Rathe,30,27245839
455,Cinda,MacCosty,27,27245840
456,Mehetabel,Yesinin,23,27245841
457,Luci,Cresar,6,27245842
458,Tobias,Handsheart,27,27245843
459,Allianora,De Carolis,7,27245844
460,Cary,Maron,1,27245845
461,Kippie,Taplow,33,27245846
462,Arlee,Gethyn,27,27245847
463,Jakie,Lundon,8,27245848
464,Doroteya,Kaminski,34,27245849
465,Tabb,Robelin,21,27245850
466,Kata,Berkelay,22,27245851
467,Eadie,Broinlich,35,27245852
468,Laurie,Kilty,30,27245853
469,Woodie,Giacubbo,4,27245854
470,Flori,Angrave,18,27245855
471,Vern,Nodin,3,27245856
472,Yard,Tuerena,17,27245857
473,Glynis,Vellacott,22,27245858
474,Aretha,Lefridge,23,27245859
475,Hobey,Bletsoe,26,27245860
476,Isaiah,Kusick,2,27245861
477,Carissa,Gothard,26,27245862
478,Jarret,Gandrich,11,27245863
479,Ynes,Balding,9,27245864
480,Pinchas,Sloane,4,27245865
481,Mitchel,Tombleson,21,27245866
482,Pansie,McKirdy,30,27245867
483,Cherlyn,Rama,34,27245868
484,Kylila,Tonnesen,5,27245869
485,Happy,Polly,22,27245870
486,Harley,Kisar,16,27245871
487,Barby,Newcombe,12,27245872
488,Cyb,Halliwell,4,27245873
489,Kassia,Ethridge,35,27245874
490,Denice,Lutton,23,27245875
491,Bartholomew,Smidmore,35,27245876
492,Lloyd,Mowlam,1,27245877
493,Yul,Tytcomb,30,27245878
494,Robenia,Strapp,23,27245879
495,Mel,Poutress,15,27245880
496,Lonee,Edgeson,9,27245881
497,Damara,Corro,30,27245882
498,Bevon,Collete,11,27245883
499,Camella,Weippert,31,27245884
500,Jacobo,Valintine,10,27245885
501,Rosene,Voce,4,27245886
502,Wilfred,Cogdell,25,27245887
503,Ramsey,Oene,33,27245888
504,Libbi,Dealtry,31,27245889
505,Charmane,Knowles,1,27245890
506,Nichole,Magwood,23,27245891
507,Ninnetta,Gaythorpe,22,27245892
508,Dallas,Elnaugh,22,27245893
509,Guenevere,Crumby,2,27245894
510,Marrissa,Balderson,33,27245895
511,Berrie,Causer,36,27245896
512,Crystie,Ewens,3,27245897
513,Sebastiano,Lowings,36,27245898
514,Pascale,Jarnell,3,27245899
515,Griff,Doughton,36,27245900
516,Kimberlee,Eames,36,27245901
517,Allan,Cammock,23,27245902
518,Davida,Amoore,31,27245903
519,Kristel,Pursey,13,27245904
520,Kellyann,Suddick,14,27245905
521,Henrietta,Sharvill,20,27245906
522,Cassie,Djurkovic,1,27245907
523,Lonny,Brownlea,12,27245908
524,Clerissa,Hertwell,24,27245909
525,Eugenia,Leverington,35,27245910
526,Willabella,Hubane,12,27245911
527,Clarke,Joris,9,27245912
528,Glyn,Wheatman,16,27245913
529,Brent,Thurske,19,27245914
530,Wilt,Currier,9,27245915
531,Jocelin,Jasik,3,27245916
532,Ody,Morriss,12,27245917
533,Edmund,Germain,24,27245918
534,Madelin,Duchesne,2,27245919
535,Orrin,Furse,22,27245920
536,Field,McLleese,33,27245921
537,Montgomery,Shorto,34,27245922
538,Doro,Kurton,7,27245923
539,Sibel,Kilborn,19,27245924
540,Allsun,Dodsley,7,27245925
541,Sheba,Bentham,24,27245926
542,Maxi,Strelitzer,23,27245927
543,Annalee,Edwicker,8,27245928
544,Buddy,Rake,24,27245929
545,Coleen,Divisek,9,27245930
546,Francklin,Islip,31,27245931
547,Torrance,Dudny,21,27245932
548,Luise,Carbett,23,27245933
549,Linell,McKinie,25,27245934
550,Siusan,Waldren,25,27245935
551,Orella,Morland,12,27245936
552,Zorine,Coke,13,27245937
553,Davie,Mabe,28,27245938
554,Iseabal,Strelitz,1,27245939
555,Duffy,Kauffman,14,27245940
556,Mira,Maddinon,35,27245941
557,Romeo,Fiddymont,12,27245942
558,Alena,Bewsey,20,27245943
559,Tillie,Scrimgeour,34,27245944
560,Norbert,Hazlehurst,32,27245945
561,Casey,Mart,10,27245946
562,Jillian,Bosch,30,27245947
563,Goldie,Shrubshall,35,27245948
564,Ninon,Fairbeard,28,27245949
565,Nicola,Bracken,1,27245950
566,Shandie,Eringey,6,27245951
567,Kahaleel,Elkin,31,27245952
568,Adair,Cameli,14,27245953
569,Carmine,Bothbie,5,27245954
570,Oswell,Haysom,36,27245955
571,Austen,Pharo,12,27245956
572,Burg,McCurtin,11,27245957
573,Aline,Chopin,17,27245958
574,Antony,Toffano,32,27245959
575,Mufinella,Yanshin,8,27245960
576,Nanette,Frede,2,27245961
577,Kearney,Guerrin,13,27245962
578,Valentino,Snook,10,27245963
579,Sharleen,Anniwell,20,27245964
580,Lacee,Rozec,32,27245965
581,Say,Powley,19,27245966
582,Buiron,Collings,20,27245967
583,Roberta,Betham,21,27245968
584,Alexander,Greendale,3,27245969
585,Saidee,Naish,32,27245970
586,Donetta,McGuigan,29,27245971
587,Shena,Di Carlo,34,27245972
588,Quinton,Gierardi,4,27245973
589,Maris,Pepperell,16,27245974
590,Hilliary,Espie,3,27245975
591,Mahmoud,Stanbrooke,6,27245976
592,Kerianne,Maltster,24,27245977
593,Gavrielle,Hull,17,27245978
594,Cristionna,Sprulls,11,27245979
595,Aimee,Cargon,14,27245980
596,Krysta,Blackman,8,27245981
597,Euphemia,D'Alesio,9,27245982
598,Jeffry,Ainslie,1,27245983
599,Freddy,Dudenie,2,27245984
600,Markus,Umbers,15,27245985
601,Vernon,Charnock,20,27245986
602,Maximo,Izkovitch,22,27245987
603,Edeline,Bogie,2,27245988
604,Birgit,Rennard,3,27245989
605,Abbe,Halpin,31,27245990
606,Bonnie,Issard,24,27245991
607,Hollie,Haughton,3,27245992
608,Lauretta,Linzee,22,27245993
609,Tamas,Coumbe,7,27245994
610,Karen,Syrett,1,27245995
611,Doralin,Olyet,19,27245996
612,Gawain,St. Hill,8,27245997
613,Even,Sheavills,18,27245998
614,Des,Pauncefort,12,27245999
615,Jareb,Huggin,13,27246000
616,Delilah,Suggett,24,27246001
617,Rriocard,Georgel,23,27246002
618,Kelwin,Fri,26,27246003
619,Blake,Macquire,28,27246004
620,Rene,Nekrews,27,27246005
621,Aurthur,Skehan,17,27246006
622,Norrie,Rosbrough,11,27246007
623,Willie,Renny,8,27246008
624,Pearle,Roaf,5,27246009
625,Gale,Lantuffe,15,27246010
626,Giraud,Gaddesby,1,27246011
627,Lora,Prestedge,6,27246012
628,Diarmid,Kilgallen,18,27246013
629,Maitilde,Ballingal,32,27246014
630,Jacqueline,Radbourne,28,27246015
631,Graeme,Humbell,28,27246016
632,Jammie,Youson,3,27246017
633,Fredek,MacMenamy,13,27246018
634,Waite,Kemmons,3,27246019
635,Dar,Gunthorpe,22,27246020
636,Rachele,Hopkins,15,27246021
637,Yolane,Popham,22,27246022
638,Johnathon,O'Nolan,14,27246023
639,Zonda,Playford,7,27246024
640,Kacie,Crees,2,27246025
641,Andree,Vanyukov,28,27246026
642,Emilee,Corr,20,27246027
643,Sidonia,Copplestone,2,27246028
644,Giulio,Drivers,16,27246029
645,Ernestus,Hue,22,27246030
646,Kimmi,Maclaine,20,27246031
647,Ibby,Gorden,22,27246032
648,Cecil,Moncrieffe,30,27246033
649,Shirl,Finnick,23,27246034
650,Lanie,Bloom,4,27246035
651,Bret,Riach,1,27246036
652,Hermy,O' Byrne,3,27246037
653,Kalinda,Yeude,17,27246038
654,Rachelle,Barstowk,29,27246039
655,Rania,Routley,23,27246040
656,Collen,Swetenham,34,27246041
657,Fawnia,Gommey,12,27246042
658,Ashbey,Litterick,19,27246043
659,Ephrayim,Mease,30,27246044
660,Lian,Pirnie,22,27246045
661,Kristo,Borkin,3,27246046
662,Joycelin,Seward,29,27246047
663,Dunstan,Geering,8,27246048
664,Elysia,Fursland,24,27246049
665,Ollie,Schenfisch,25,27246050
666,Tanny,Sapena,6,27246051
667,Purcell,Ivanyushin,28,27246052
668,Marylou,Henner,29,27246053
669,Rudie,Jefferson,36,27246054
670,Regina,Brumwell,34,27246055
671,See,Kubek,15,27246056
672,Rowland,Guillou,19,27246057
673,Andromache,Wardhaw,14,27246058
674,Constantin,Brennans,21,27246059
675,Ingeberg,Martinyuk,26,27246060
676,Vinni,Ludman,35,27246061
677,Windham,Boobyer,35,27246062
678,Jacquie,Askaw,28,27246063
679,Gustie,Heckner,29,27246064
680,Nancie,Streater,34,27246065
681,Adi,Dilke,35,27246066
682,Timothea,Troy,9,27246067
683,Kassie,Peotz,23,27246068
684,Vinita,Maudett,25,27246069
685,Marijo,Gifford,26,27246070
686,Gav,Izakov,1,27246071
687,Ricoriki,Goggey,27,27246072
688,Katrine,McGillivray,8,27246073
689,Rahal,Trudgion,24,27246074
690,Costa,Faudrie,34,27246075
691,Emeline,Voaden,29,27246076
692,Darice,Goldstein,19,27246077
693,Christopher,Monteath,11,27246078
694,Kendricks,Whitter,23,27246079
695,Karlee,Bester,34,27246080
696,Hedy,Murtell,20,27246081
697,Blondie,Dantesia,10,27246082
698,Xenia,Peppin,7,27246083
699,Finlay,Mathou,29,27246084
700,Mala,Tarquinio,25,27246085
701,Had,Winchcomb,28,27246086
702,Eba,Cordes,30,27246087
703,Essie,Giorgi,31,27246088
704,Kearney,Pike,2,27246089
705,Myrlene,Finnick,20,27246090
706,Clary,Leheude,4,27246091
707,Adriano,Sowten,15,27246092
708,Doll,Orys,15,27246093
709,Ade,Quene,24,27246094
710,Querida,Guppie,4,27246095
711,Dugald,Anglim,21,27246096
712,Georgeanna,Chestle,26,27246097
713,Gregorius,McCoy,16,27246098
714,Kittie,Rawling,5,27246099
715,Beauregard,MacElholm,1,27246100
716,Aurie,Piatkowski,15,27246101
717,Elva,Thunnercliff,25,27246102
718,Eldridge,Cleworth,20,27246103
719,Bealle,MacKniely,11,27246104
720,Cynde,Maccrae,24,27246105
721,Darsie,Churm,15,27246106
722,Frances,Rhodes,5,27246107
723,Sheela,Bayston,2,27246108
724,Lewiss,Gibbin,24,27246109
725,Babette,Proswell,15,27246110
726,Kalindi,Carne,22,27246111
727,Mace,Windross,21,27246112
728,Christan,Ballantyne,13,27246113
729,Georgina,Cullerne,2,27246114
730,Alverta,Griffith,27,27246115
731,Corie,Beedon,1,27246116
732,Brit,Grimster,25,27246117
733,Annis,Arnaudin,27,27246118
734,Viola,Bredes,34,27246119
735,Blayne,Saffin,21,27246120
736,Rebecka,Shirt,27,27246121
737,Frasier,Mendez,9,27246122
738,Fania,Larkings,21,27246123
739,Alanna,Shadwick,23,27246124
740,Vita,Deluce,33,27246125
741,Leena,Horsefield,27,27246126
742,Melanie,Skentelbury,34,27246127
743,Kirbee,Croisdall,23,27246128
744,Hamlen,Jenicek,15,27246129
745,Krystalle,Dripp,7,27246130
746,Fidelio,Arnholtz,5,27246131
747,Arlana,Kynd,3,27246132
748,Husain,Kernock,4,27246133
749,Ninette,McGavin,16,27246134
750,Rick,Redish,5,27246135
751,Babara,Tumilson,35,27246136
752,Shirlene,Greenhough,5,27246137
753,Hynda,Elstob,17,27246138
754,Athene,Miskin,2,27246139
755,Patricia,Sloy,4,27246140
756,Arlene,McGlaud,31,27246141
757,Janeczka,Organ,24,27246142
758,Calli,Oneil,10,27246143
759,Mia,Courson,20,27246144
760,Philis,Coyett,19,27246145
761,Megen,Playle,33,27246146
762,Greta,Dibden,23,27246147
763,Fanchon,Eborn,15,27246148
764,Kathryn,Dailly,19,27246149
765,Davida,MacSporran,6,27246150
766,Ingunna,Paine,19,27246151
767,Harli,Lennon,24,27246152
768,Jordon,Paniman,18,27246153
769,Ebonee,Giorgielli,18,27246154
770,Kiel,Matic,14,27246155
771,Coralie,Rossi,9,27246156
772,Faustine,Ives,23,27246157
773,Merrick,Dumphrey,16,27246158
774,Barbi,Briffett,8,27246159
775,Percival,Melbury,12,27246160
776,Boyd,Nisen,13,27246161
777,Petronille,La Wille,34,27246162
778,Dreddy,Daudray,30,27246163
779,Rutherford,Wittman,28,27246164
780,Dalenna,Dickin,36,27246165
781,Abbi,Limer,25,27246166
782,Joel,McKelvey,3,27246167
783,Blane,Darell,6,27246168
784,Cleopatra,Dewer,27,27246169
785,Esteban,Theobald,7,27246170
786,Burt,Bear,9,27246171
787,Jena,Hunnawill,32,27246172
788,Kirsti,Kirkness,27,27246173
789,Kaiser,Raikes,32,27246174
790,Jeanine,Jacobovitz,15,27246175
791,Doralynne,Sandever,12,27246176
792,Flss,Muncaster,35,27246177
793,Fairleigh,Kenn,6,27246178
794,Ky,Ormrod,22,27246179
795,Kayla,Latchmore,26,27246180
796,Bride,Gauche,10,27246181
797,Jacques,Bordman,11,27246182
798,Cate,Greatbank,18,27246183
799,Geri,Miners,7,27246184
800,Lynn,Gorringe,9,27246185
801,Golda,Drust,32,27246186
802,Virgina,Hardin,30,27246187
803,Nedda,Kingsmill,6,27246188
804,Alex,Kaasman,25,27246189
805,Kaylee,Crosen,14,27246190
806,Durward,Cescotti,13,27246191
807,Woodman,Dunsmore,8,27246192
808,Ansley,Philson,26,27246193
809,Dani,Ormond,33,27246194
810,Quintilla,Rumble,22,27246195
811,Sanderson,Straun,20,27246196
812,Amitie,Fraulo,4,27246197
813,Melody,Gamble,32,27246198
814,Nettie,O' Dooley,7,27246199
815,Reyna,Mealing,10,27246200
816,Gilda,Tremmil,11,27246201
817,Anastasia,Brugger,31,27246202
818,Knox,Longfut,27,27246203
819,Olivette,Judron,34,27246204
820,Cecilius,Davet,14,27246205
821,Berti,Liebermann,33,27246206
822,Kristine,Gras,10,27246207
823,Siffre,Brixey,4,27246208
824,Juliette,Pain,15,27246209
825,Kizzie,Tunny,16,27246210
826,Billy,Stabbins,35,27246211
827,Lucas,Kingsbury,25,27246212
828,Bendite,Aldersey,9,27246213
829,Merilyn,Felten,11,27246214
830,Jeno,Huzzay,29,27246215
831,Fenelia,Robrow,28,27246216
832,Jasen,Brandt,2,27246217
833,Zaccaria,Crilly,14,27246218
834,Liliane,Van Giffen,30,27246219
835,Shannah,Lapwood,6,27246220
836,Gretel,Garey,10,27246221
837,Sutton,Balsdone,22,27246222
838,Vasilis,Bolus,25,27246223
839,Tessy,Norville,10,27246224
840,Gertrude,Jantot,4,27246225
841,Thea,Avrasin,3,27246226
842,Krystal,Haugh,36,27246227
843,Hermy,Blaszczyk,6,27246228
844,Horace,Isaacs,31,27246229
845,Morey,Ribbens,3,27246230
846,Marcile,Boughton,3,27246231
847,Eloisa,O' Mullan,22,27246232
848,Rochell,McKeeman,20,27246233
849,Odetta,Beddoes,27,27246234
850,Ellwood,Moring,32,27246235
851,Rancell,Stagge,11,27246236
852,Rhianon,Rantoull,21,27246237
853,Dew,Patley,1,27246238
854,Dory,Arrowsmith,2,27246239
855,Joyce,Beinke,27,27246240
856,Biddie,Trodler,10,27246241
857,Aguste,Bernaciak,35,27246242
858,Fax,Lanbertoni,36,27246243
859,Constantina,Matteo,20,27246244
860,Arlie,Barnhart,29,27246245
861,Elicia,Gerasch,17,27246246
862,Andres,Crimes,6,27246247
863,Gonzales,Ainscow,36,27246248
864,Janeva,Hatchett,8,27246249
865,Iolanthe,Mathieson,29,27246250
866,Josephine,Dunaway,4,27246251
867,Benetta,Blackall,17,27246252
868,Nikolas,Whistlecraft,31,27246253
869,Gifford,Sprankling,27,27246254
870,Terra,Alasdair,22,27246255
871,Reinaldo,Pinshon,24,27246256
872,Wileen,Awde,9,27246257
873,Claudio,Duchesne,7,27246258
874,Othilia,Ackroyd,19,27246259
875,Ermina,Foley,32,27246260
876,Verine,Kelinge,23,27246261
877,Pennie,Whalebelly,34,27246262
878,Albert,Manass,34,27246263
879,Sydney,Wallbrook,15,27246264
880,Letty,Walrond,10,27246265
881,Lauritz,Ovell,6,27246266
882,Berty,Squibb,30,27246267
883,Davidde,Glanert,33,27246268
884,Lyndy,Garvey,23,27246269
885,Marcy,Hedger,23,27246270
886,Annemarie,Roomes,23,27246271
887,Dorelle,Concannon,2,27246272
888,Alyson,Tokell,21,27246273
889,Kaitlyn,Ventam,3,27246274
890,Federica,Ternault,21,27246275
891,Merlina,Woosnam,30,27246276
892,Emalee,Adolthine,2,27246277
893,Andrej,Skamal,9,27246278
894,Bunnie,Gianuzzi,10,27246279
895,Shurlocke,Oslar,6,27246280
896,Johnna,Grigorini,13,27246281
897,Ealasaid,Beevis,15,27246282
898,Jeniffer,Stango,15,27246283
899,Alidia,Hynard,8,27246284
900,Fabe,Parcells,28,27246285
901,Maxie,Raffin,26,27246286
902,Carr,Sillito,3,27246287
903,Bartie,Bartleet,6,27246288
904,Crysta,Paton,16,27246289
905,Jennilee,Nolte,31,27246290
906,Winifred,Hanalan,33,27246291
907,Irina,Gimenez,4,27246292
908,Dillie,Boylin,34,27246293
909,Lynnelle,Cutbirth,1,27246294
910,Nariko,Dumbelton,29,27246295
911,Connie,Crosser,3,27246296
912,Kizzie,Baroux,20,27246297
913,Jacklyn,Redier,30,27246298
914,Kayla,Lydall,31,27246299
915,Tiff,Winn,8,27246300
916,Rhodie,Morcom,4,27246301
917,Tabby,Ellgood,4,27246302
918,Torey,Keary,12,27246303
919,Christalle,Charlin,33,27246304
920,Kaitlin,Daventry,17,27246305
921,Schuyler,Perkinson,24,27246306
922,Silvia,Meaney,27,27246307
923,Emmalyn,Lord,13,27246308
924,Ara,Curry,5,27246309
925,Edie,Ludovici,36,27246310
926,Rolfe,Meert,24,27246311
927,Thatch,Mac,34,27246312
928,Charlton,MacAlpin,14,27246313
929,Missie,Lille,20,27246314
930,Zarah,Pattinson,19,27246315
931,Serge,Hurlestone,6,27246316
932,Francois,Meynell,14,27246317
933,Pet,Fleischer,15,27246318
934,Jonathan,Moneypenny,11,27246319
935,Abbye,Kilner,13,27246320
936,Brodie,Fettiplace,8,27246321
937,Chic,De Domenico,13,27246322
938,Emalia,Ornils,8,27246323
939,Millicent,Kender,19,27246324
940,Miller,Tolmie,28,27246325
941,Jeannine,Fairebrother,13,27246326
942,Keen,Neasam,26,27246327
943,Zolly,Clayworth,9,27246328
944,Vinita,Gerriet,4,27246329
945,Minda,Naisbitt,11,27246330
946,Wildon,Inger,6,27246331
947,Malachi,Huckfield,16,27246332
948,Delaney,Anstice,11,27246333
949,Lucina,Extall,13,27246334
950,Ajay,Presdie,31,27246335
951,Rora,Keming,32,27246336
952,Raymund,Momford,19,27246337
953,Kimberlee,Poulsum,23,27246338
954,Leighton,Aitchinson,30,27246339
955,Lita,Bracegirdle,14,27246340
956,Kincaid,Ferraron,7,27246341
957,Kandy,Dikles,27,27246342
958,Zola,Ritch,19,27246343
959,Adolf,Tripcony,33,27246344
960,Dene,Cockett,20,27246345
961,Pammy,Limbert,27,27246346
962,Florencia,Forsyde,11,27246347
963,Modestia,Theml,31,27246348
964,Gillian,Postle,15,27246349
965,Isabella,Huggan,29,27246350
966,Emmanuel,Riping,11,27246351
967,Grete,Corriea,20,27246352
968,Mirella,Kaufman,15,27246353
969,Alexandra,McGaw,24,27246354
970,Alessandro,Cripps,27,27246355
971,Timmy,Sesser,28,27246356
972,Garvy,Bevis,17,27246357
973,Bert,Trevon,10,27246358
974,Stevana,Fleote,21,27246359
975,Tawsha,Doole,23,27246360
976,Raynard,Ancell,9,27246361
977,Wilona,Andriessen,15,27246362
978,Dexter,Delouch,9,27246363
979,Helsa,Filyukov,18,27246364
980,Audy,Quincee,32,27246365
981,Karena,Luparto,21,27246366
982,Rickie,Heatherington,5,27246367
983,Maryjo,Goublier,32,27246368
984,Elnore,Sally,17,27246369
985,Emmi,Dinnington,20,27246370
986,Koenraad,Eseler,2,27246371
987,Cobb,Whittleton,8,27246372
988,Darrin,Bushby,14,27246373
989,Bren,Trevithick,12,27246374
990,Kelby,Shrieve,27,27246375
991,Yvon,O'Dea,7,27246376
992,Lind,Oakenfield,24,27246377
993,Quillan,Capstack,19,27246378
994,Evangelia,Trenbey,22,27246379
995,Yolane,Legerwood,5,27246380
996,Thom,Hearl,27,27246381
997,Melodee,Keam,16,27246382
998,Tamara,Canner,8,27246383
999,Gilberte,Yven,22,27246384
1000,Greggory,Dow,13,27246385
