book,status
1,En condiciones
2,En condiciones
3,A reparar
4,En condiciones
5,A reparar
6,En condiciones
7,En condiciones
8,En condiciones
9,En condiciones
10,En condiciones
11,En condiciones
12,A reparar
13,En condiciones
14,En condiciones
15,En condiciones
16,En condiciones
17,En condiciones
18,A reparar
19,En condiciones
20,En condiciones
21,En condiciones
22,En condiciones
23,A reparar
24,En condiciones
25,En condiciones
26,En condiciones
27,En condiciones
28,En condiciones
29,En condiciones
30,A reparar
31,En condiciones
32,En condiciones
33,En condiciones
34,A reparar
35,En condiciones
36,A reparar
37,En condiciones
38,En condiciones
39,En condiciones
40,En condiciones
41,A reparar
42,En condiciones
43,En condiciones
44,En condiciones
45,En condiciones
46,En condiciones
47,A reparar
48,En condiciones
49,En condiciones
50,A reparar
51,En condiciones
52,En condiciones
53,A reparar
54,En condiciones
55,En condiciones
56,En condiciones
57,A reparar
58,En condiciones
59,En condiciones
60,En condiciones
61,En condiciones
62,A reparar
63,En condiciones
64,En condiciones
65,En condiciones
66,En condiciones
67,En condiciones
68,En condiciones
69,En condiciones
70,En condiciones
71,En condiciones
72,En condiciones
73,En condiciones
74,En condiciones
75,En condiciones
76,En condiciones
77,En condiciones
78,En condiciones
79,En condiciones
80,En condiciones
81,A reparar
82,En condiciones
83,En condiciones
84,En condiciones
85,En condiciones
86,En condiciones
87,En condiciones
88,En condiciones
89,En condiciones
90,En condiciones
91,En condiciones
92,A reparar
93,En condiciones
94,En condiciones
95,En condiciones
96,En condiciones
97,En condiciones
98,En condiciones
99,En condiciones
100,En condiciones
101,En condiciones
102,En condiciones
103,En condiciones
104,En condiciones
105,En condiciones
106,A reparar
107,En condiciones
108,En condiciones
109,En condiciones
110,En condiciones
111,En condiciones
112,En condiciones
113,En condiciones
114,En condiciones
115,En condiciones
116,En condiciones
117,A reparar
118,En condiciones
119,A reparar
120,En condiciones
121,En condiciones
122,En condiciones
123,En condiciones
124,En condiciones
125,En condiciones
126,En condiciones
127,En condiciones
128,En condiciones
129,En condiciones
130,En condiciones
131,En condiciones
132,A reparar
133,En condiciones
134,En condiciones
135,En condiciones
136,En condiciones
137,En condiciones
138,En condiciones
139,En condiciones
140,En condiciones
141,En condiciones
142,A reparar
143,En condiciones
144,En condiciones
145,En condiciones
146,En condiciones
147,En condiciones
148,En condiciones
149,En condiciones
150,En condiciones
151,En condiciones
152,En condiciones
153,A reparar
154,En condiciones
155,En condiciones
156,En condiciones
157,En condiciones
158,En condiciones
159,En condiciones
160,En condiciones
161,En condiciones
162,En condiciones
163,En condiciones
164,En condiciones
165,En condiciones
166,A reparar
167,En condiciones
168,En condiciones
169,En condiciones
170,En condiciones
171,En condiciones
172,En condiciones
173,En condiciones
174,En condiciones
175,En condiciones
176,En condiciones
177,En condiciones
178,En condiciones
179,En condiciones
180,En condiciones
181,En condiciones
182,A reparar
183,En condiciones
184,En condiciones
185,En condiciones
186,En condiciones
187,En condiciones
188,En condiciones
189,En condiciones
190,En condiciones
191,En condiciones
192,En condiciones
193,En condiciones
194,En condiciones
195,A reparar
196,En condiciones
197,En condiciones
198,En condiciones
199,En condiciones
200,En condiciones
201,En condiciones
202,En condiciones
203,En condiciones
204,En condiciones
205,En condiciones
206,En condiciones
207,A reparar
208,En condiciones
209,En condiciones
210,En condiciones
211,En condiciones
212,En condiciones
213,En condiciones
214,En condiciones
215,En condiciones
216,En condiciones
217,En condiciones
218,En condiciones
219,En condiciones
220,En condiciones
221,En condiciones
222,En condiciones
223,En condiciones
224,En condiciones
225,En condiciones
226,En condiciones
227,En condiciones
228,A reparar
229,En condiciones
230,En condiciones
231,En condiciones
232,En condiciones
233,En condiciones
234,En condiciones
235,En condiciones
236,En condiciones
237,En condiciones
238,En condiciones
239,En condiciones
240,En condiciones
241,En condiciones
242,En condiciones
243,En condiciones
244,En condiciones
245,En condiciones
246,En condiciones
247,En condiciones
248,A reparar
249,En condiciones
250,En condiciones
251,En condiciones
252,En condiciones
253,En condiciones
254,En condiciones
255,En condiciones
256,En condiciones
257,En condiciones
258,En condiciones
259,En condiciones
260,En condiciones
261,En condiciones
262,En condiciones
263,A reparar
264,En condiciones
265,En condiciones
266,En condiciones
267,En condiciones
268,En condiciones
269,En condiciones
270,En condiciones
271,En condiciones
272,En condiciones
273,En condiciones
274,En condiciones
275,En condiciones
276,En condiciones
277,En condiciones
278,A reparar
279,En condiciones
280,En condiciones
281,En condiciones
282,En condiciones
283,En condiciones
284,En condiciones
285,En condiciones
286,En condiciones
287,En condiciones
288,En condiciones
289,En condiciones
290,En condiciones
291,En condiciones
292,En condiciones
293,En condiciones
294,En condiciones
295,En condiciones
296,En condiciones
297,A reparar
298,En condiciones
299,En condiciones
300,En condiciones
301,En condiciones
302,En condiciones
303,En condiciones
304,En condiciones
305,En condiciones
306,En condiciones
307,En condiciones
308,En condiciones
309,En condiciones
310,En condiciones
311,En condiciones
312,En condiciones
313,En condiciones
314,En condiciones
315,En condiciones
316,A reparar
317,En condiciones
318,En condiciones
319,En condiciones
320,En condiciones
321,En condiciones
322,En condiciones
323,En condiciones
324,En condiciones
325,En condiciones
326,En condiciones
327,En condiciones
328,En condiciones
329,En condiciones
330,En condiciones
331,En condiciones
332,En condiciones
333,En condiciones
334,En condiciones
335,En condiciones
336,En condiciones
337,En condiciones
338,A reparar
339,En condiciones
340,En condiciones
341,En condiciones
342,En condiciones
343,En condiciones
344,En condiciones
345,En condiciones
346,En condiciones
347,En condiciones
348,En condiciones
349,En condiciones
350,En condiciones
351,En condiciones
352,En condiciones
353,En condiciones
354,A reparar
355,En condiciones
356,En condiciones
357,En condiciones
358,En condiciones
359,A reparar
360,En condiciones
361,En condiciones
362,En condiciones
363,En condiciones
364,En condiciones
365,En condiciones
366,En condiciones
367,En condiciones
368,En condiciones
369,En condiciones
370,En condiciones
371,En condiciones
372,En condiciones
373,En condiciones
374,En condiciones
375,A reparar
376,En condiciones
377,En condiciones
378,En condiciones
379,En condiciones
380,En condiciones
381,En condiciones
382,En condiciones
383,En condiciones
384,En condiciones
385,En condiciones
386,En condiciones
387,En condiciones
388,En condiciones
389,En condiciones
390,En condiciones
391,En condiciones
392,En condiciones
393,A reparar
394,En condiciones
395,En condiciones
396,En condiciones
397,En condiciones
398,En condiciones
399,En condiciones
400,A reparar
401,En condiciones
402,En condiciones
403,En condiciones
404,En condiciones
405,En condiciones
406,En condiciones
407,En condiciones
408,En condiciones
409,En condiciones
410,En condiciones
411,En condiciones
412,En condiciones
413,En condiciones
414,En condiciones
415,En condiciones
416,En condiciones
417,En condiciones
418,En condiciones
419,En condiciones
420,En condiciones
421,En condiciones
422,En condiciones
423,En condiciones
424,En condiciones
425,En condiciones
426,En condiciones
427,En condiciones
428,En condiciones
429,En condiciones
430,En condiciones
431,En condiciones
432,En condiciones
433,En condiciones
434,A reparar
435,En condiciones
436,En condiciones
437,En condiciones
438,En condiciones
439,En condiciones
440,En condiciones
441,En condiciones
442,En condiciones
443,En condiciones
444,En condiciones
445,En condiciones
446,En condiciones
447,A reparar
448,En condiciones
449,En condiciones
450,En condiciones
451,En condiciones
452,En condiciones
453,En condiciones
454,En condiciones
455,En condiciones
456,En condiciones
457,En condiciones
458,En condiciones
459,En condiciones
460,En condiciones
461,En condiciones
462,En condiciones
463,En condiciones
464,A reparar
465,En condiciones
466,En condiciones
467,En condiciones
468,En condiciones
469,En condiciones
470,En condiciones
471,En condiciones
472,En condiciones
473,En condiciones
474,En condiciones
475,En condiciones
476,En condiciones
477,En condiciones
478,En condiciones
479,En condiciones
480,En condiciones
481,En condiciones
482,En condiciones
483,En condiciones
484,En condiciones
485,En condiciones
486,A reparar
487,En condiciones
488,En condiciones
489,En condiciones
490,En condiciones
491,En condiciones
492,En condiciones
493,En condiciones
494,En condiciones
495,En condiciones
496,En condiciones
497,En condiciones
498,En condiciones
499,En condiciones
500,En condiciones
501,En condiciones
502,En condiciones
503,En condiciones
504,En condiciones
505,En condiciones
506,En condiciones
507,En condiciones
508,A reparar
509,En condiciones
510,En condiciones
511,En condiciones
512,En condiciones
513,En condiciones
514,En condiciones
515,En condiciones
516,En condiciones
517,En condiciones
518,En condiciones
519,En condiciones
520,En condiciones
521,En condiciones
522,En condiciones
523,En condiciones
524,En condiciones
525,En condiciones
526,En condiciones
527,En condiciones
528,En condiciones
529,En condiciones
530,En condiciones
531,En condiciones
532,En condiciones
533,En condiciones
534,En condiciones
535,En condiciones
536,En condiciones
537,En condiciones
538,En condiciones
539,En condiciones
540,En condiciones
541,En condiciones
542,En condiciones
543,En condiciones
544,En condiciones
545,En condiciones
546,En condiciones
547,En condiciones
548,En condiciones
549,En condiciones
550,En condiciones
551,En condiciones
552,En condiciones
553,En condiciones
554,En condiciones
555,En condiciones
556,En condiciones
557,En condiciones
558,En condiciones
559,En condiciones
560,En condiciones
561,En condiciones
562,A reparar
563,En condiciones
564,En condiciones
565,En condiciones
566,En condiciones
567,A reparar
568,En condiciones
569,En condiciones
570,En condiciones
571,En condiciones
572,En condiciones
573,En condiciones
574,En condiciones
575,En condiciones
576,En condiciones
577,En condiciones
578,En condiciones
579,En condiciones
580,En condiciones
581,En condiciones
582,En condiciones
583,En condiciones
584,En condiciones
585,En condiciones
586,En condiciones
587,En condiciones
588,En condiciones
589,En condiciones
590,En condiciones
591,En condiciones
592,En condiciones
593,En condiciones
594,En condiciones
595,En condiciones
596,En condiciones
597,En condiciones
598,En condiciones
599,En condiciones
600,En condiciones
601,En condiciones
602,En condiciones
603,En condiciones
604,En condiciones
605,En condiciones
606,En condiciones
607,En condiciones
608,En condiciones
609,En condiciones
610,En condiciones
611,En condiciones
612,En condiciones
613,En condiciones
614,En condiciones
615,En condiciones
616,En condiciones
617,En condiciones
618,En condiciones
619,En condiciones
620,En condiciones
621,En condiciones
622,En condiciones
623,En condiciones
624,En condiciones
625,En condiciones
626,En condiciones
627,En condiciones
628,En condiciones
629,En condiciones
630,En condiciones
631,En condiciones
632,En condiciones
633,En condiciones
634,En condiciones
635,En condiciones
636,En condiciones
637,En condiciones
638,En condiciones
639,En condiciones
640,En condiciones
641,En condiciones
642,En condiciones
643,En condiciones
644,En condiciones
645,En condiciones
646,En condiciones
647,En condiciones
648,En condiciones
649,En condiciones
650,En condiciones
651,En condiciones
652,En condiciones
653,En condiciones
654,En condiciones
655,En condiciones
656,En condiciones
657,En condiciones
658,En condiciones
659,En condiciones
660,En condiciones
661,En condiciones
662,En condiciones
663,En condiciones
664,En condiciones
665,En condiciones
666,En condiciones
667,En condiciones
668,En condiciones
669,En condiciones
670,En condiciones
671,En condiciones
672,En condiciones
673,En condiciones
674,En condiciones
675,En condiciones
676,En condiciones
677,En condiciones
678,En condiciones
679,En condiciones
680,En condiciones
681,En condiciones
682,En condiciones
683,En condiciones
684,En condiciones
685,En condiciones
686,En condiciones
687,En condiciones
688,En condiciones
689,En condiciones
690,En condiciones
691,En condiciones
692,En condiciones
693,En condiciones
694,En condiciones
695,En condiciones
696,En condiciones
697,En condiciones
698,En condiciones
699,En condiciones
700,En condiciones
701,En condiciones
702,En condiciones
703,En condiciones
704,En condiciones
705,En condiciones
706,En condiciones
707,En condiciones
708,En condiciones
709,En condiciones
710,En condiciones
711,En condiciones
712,En condiciones
713,En condiciones
714,En condiciones
715,En condiciones
716,En condiciones
717,En condiciones
718,En condiciones
719,En condiciones
720,En condiciones
721,En condiciones
722,En condiciones
723,En condiciones
724,En condiciones
725,En condiciones
726,En condiciones
727,En condiciones
728,En condiciones
729,En condiciones
730,En condiciones
731,En condiciones
732,En condiciones
733,En condiciones
734,En condiciones
735,En condiciones
736,En condiciones
737,En condiciones
738,En condiciones
739,En condiciones
740,En condiciones
741,En condiciones
742,En condiciones
743,En condiciones
744,En condiciones
745,En condiciones
746,En condiciones
747,En condiciones
748,En condiciones
749,En condiciones
750,En condiciones
751,En condiciones
752,En condiciones
753,En condiciones
754,En condiciones
755,En condiciones
756,En condiciones
757,En condiciones
758,En condiciones
759,En condiciones
760,En condiciones
761,En condiciones
762,En condiciones
763,En condiciones
764,En condiciones
765,En condiciones
766,En condiciones
767,En condiciones
768,En condiciones
769,En condiciones
770,En condiciones
771,En condiciones
772,En condiciones
773,En condiciones
774,En condiciones
775,En condiciones
776,En condiciones
777,En condiciones
778,En condiciones
779,En condiciones
780,En condiciones
781,En condiciones
782,En condiciones
783,En condiciones
784,En condiciones
785,En condiciones
786,En condiciones
787,En condiciones
788,En condiciones
789,En condiciones
790,En condiciones
791,En condiciones
792,En condiciones
793,En condiciones
794,En condiciones
795,En condiciones
796,En condiciones
797,En condiciones
798,En condiciones
799,En condiciones
800,En condiciones
801,En condiciones
802,En condiciones
803,En condiciones
804,En condiciones
805,En condiciones
806,En condiciones
807,En condiciones
808,En condiciones
809,En condiciones
810,En condiciones
811,En condiciones
812,En condiciones
813,En condiciones
814,En condiciones
815,En condiciones
816,En condiciones
817,En condiciones
818,En condiciones
819,En condiciones
820,En condiciones
821,En condiciones
822,En condiciones
823,En condiciones
824,En condiciones
825,En condiciones
826,En condiciones
827,En condiciones
828,En condiciones
829,En condiciones
830,En condiciones
831,En condiciones
832,En condiciones
833,En condiciones
834,En condiciones
835,En condiciones
836,En condiciones
837,En condiciones
838,En condiciones
839,En condiciones
840,En condiciones
841,En condiciones
842,En condiciones
843,En condiciones
844,En condiciones
845,En condiciones
846,En condiciones
847,En condiciones
848,En condiciones
849,En condiciones
850,En condiciones
851,En condiciones
852,En condiciones
853,En condiciones
854,En condiciones
855,En condiciones
856,En condiciones
857,En condiciones
858,En condiciones
859,En condiciones
860,En condiciones
861,En condiciones
862,En condiciones
863,En condiciones
864,En condiciones
865,En condiciones
866,En condiciones
867,En condiciones
868,En condiciones
869,En condiciones
870,En condiciones
871,En condiciones
872,En condiciones
873,En condiciones
874,En condiciones
875,En condiciones
876,En condiciones
877,En condiciones
878,En condiciones
879,En condiciones
880,En condiciones
881,En condiciones
882,En condiciones
883,En condiciones
884,En condiciones
885,En condiciones
886,En condiciones
887,En condiciones
888,En condiciones
889,En condiciones
890,En condiciones
891,En condiciones
892,En condiciones
893,En condiciones
894,En condiciones
895,En condiciones
896,En condiciones
897,En condiciones
898,En condiciones
899,En condiciones
900,En condiciones
901,En condiciones
902,En condiciones
903,En condiciones
904,En condiciones
905,En condiciones
906,En condiciones
907,En condiciones
908,En condiciones
909,En condiciones
910,En condiciones
911,En condiciones
912,En condiciones
913,En condiciones
914,En condiciones
915,En condiciones
916,En condiciones
917,En condiciones
918,En condiciones
919,En condiciones
920,En condiciones
921,En condiciones
922,En condiciones
923,En condiciones
924,En condiciones
925,En condiciones
926,En condiciones
927,En condiciones
928,En condiciones
929,En condiciones
930,En condiciones
931,En condiciones
932,En condiciones
933,En condiciones
934,En condiciones
935,En condiciones
936,En condiciones
937,En condiciones
938,En condiciones
939,En condiciones
940,En condiciones
941,En condiciones
942,En condiciones
943,En condiciones
944,En condiciones
945,En condiciones
946,En condiciones
947,En condiciones
948,En condiciones
949,En condiciones
950,En condiciones
951,En condiciones
952,En condiciones
953,En condiciones
954,En condiciones
955,En condiciones
956,En condiciones
957,En condiciones
958,En condiciones
959,En condiciones
960,En condiciones
961,En condiciones
962,En condiciones
963,En condiciones
964,En condiciones
965,En condiciones
966,En condiciones
967,En condiciones
968,En condiciones
969,En condiciones
970,En condiciones
971,En condiciones
972,En condiciones
973,En condiciones
974,En condiciones
975,En condiciones
976,En condiciones
977,En condiciones
978,En condiciones
979,En condiciones
980,En condiciones
981,En condiciones
982,En condiciones
983,En condiciones
984,En condiciones
985,En condiciones
986,En condiciones
987,En condiciones
988,En condiciones
989,En condiciones
990,En condiciones
991,En condiciones
992,En condiciones
993,En condiciones
994,En condiciones
995,En condiciones
996,En condiciones
997,En condiciones
998,En condiciones
999,En condiciones
1000,En condiciones
