first_name,last_name,career,identity
Bernardina,Medlen,2,39277939
Bradford,Langstone,4,58413882
Meta,Bish,4,54217179
Aile,Chapelle,3,35687467
Angil,Bignall,3,52121776
Rurik,Kenworthey,3,55315022
Byrle,Pardey,4,21377366
Alyson,Look,5,48613267
Sherilyn,Tithecott,1,35417306
Adrianna,Pearmine,4,33466514
Avigdor,Breem,2,54165861
Grier,Carr,5,25546059
Abbe,Heinle,5,59362481
Kathi,Elverston,4,40039309
Teddi,Cornes,3,41861846
Emmalee,Dingivan,1,54574183
Sheppard,Hambatch,5,42939203
Sybila,De Freyne,2,48660680
Hilde,Boocock,1,42321864
Avrit,Josum,3,38220710
Dody,Haberfield,1,30917365
Rani,Finlry,1,35824814
Flin,Fenkel,1,49353216
Phil,Andrasch,2,25274955
Remington,Hechlin,1,31203810
Natala,Van den Bosch,3,56113294
Dominik,Redfield,4,57225956
Addia,Fewtrell,3,41925140
Dall,Brandacci,3,34929553
Bobbie,Sillis,3,27105488
Win,Sinnie,4,56973279
Scarlett,Dilleston,2,55244007
Bertrand,Bradie,2,30625017
Garvin,Foucar,4,32779266
Cristobal,Saddler,2,30703809
Glynn,Cosgrove,5,43002953
Brunhilda,Gauson,3,26063134
Sigmund,Quirke,5,57265847
Sibley,Bettison,2,40370993
Orel,Nijssen,4,58250853
Rorke,Burnside,3,47908833
Indira,Crangle,3,29695522
Aaron,Schultheiss,3,24541751
Olenka,Peris,3,23649833
Cornelia,Endersby,1,53819942
Dorey,McElrath,4,47585539
Court,Hunstone,1,29272293
Rudyard,Swindall,3,35935072
Selig,Lindback,3,35792215
Ermin,Godwyn,2,27979981
Engracia,Norker,4,38215651
Beverlie,Michurin,3,49990204
Clayborne,Goodfellowe,5,33082153
Shannan,Gillice,5,34206239
Nickie,Idwal Evans,1,32990172
Humphrey,Gartsyde,5,45480880
Boot,Tarquini,2,54787506
Irma,Carette,1,54600255
Ula,Wherrett,3,54395095
Lorenza,Beaver,2,56626630
Emmit,Petters,3,44623120
Flore,Humberston,3,57897192
Carmencita,Portingale,2,26951515
Mick,Orthmann,5,20781674
Tandi,Rikkard,4,45018544
Leena,Boerderman,1,38347612
Georgina,O'Suaird,1,44177065
Elvin,Footer,4,47457190
Annabal,Eagle,4,25552932
Garvey,Kleisel,4,23885012
Dallas,Dudeney,1,34203914
Pippa,Charlet,2,27859737
Carlita,Husband,5,45844659
Terza,Watson,1,26711426
Florentia,Wiggins,5,34328625
Tisha,Forber,3,48106486
Catlin,Lutwidge,5,50966207
Gregor,Tegeller,4,37017382
Nerita,Cloutt,5,55260772
Lexi,Ambrozewicz,5,54266336
Fairleigh,Enga,1,43062695
Beckie,Ewin,3,31810257
Katrinka,Alphege,1,36324956
Spense,Varndell,5,52990253
Nicol,Ritelli,4,59019556
Garrett,Edward,3,42004052
Fleming,Janda,3,26209996
Ichabod,Dripp,1,53134322
Lloyd,Studdard,5,30657694
Belicia,Lettington,1,58179475
Gwenneth,Streater,3,36696388
Shea,Ziemecki,2,42589670
Beth,Badger,5,58912495
Crysta,Mayhew,2,40630306
Dede,Scutts,5,31460592
Becca,Boddam,2,49194287
Ursula,Dorricott,5,23715025
Irina,Brickham,5,24481732
Staci,Pideon,1,39351075
Hill,Edinborough,3,22657856
Rutger,Jephson,5,37331803
Vickie,Heam,1,40398264
Philbert,Amies,3,58592188
Rad,Rossbrook,2,48751910
Merrile,Portal,2,56605964
Thatcher,Storton,1,35055415
Anthiathia,Hardington,3,20243671
Sutherland,Lupson,4,31091783
Layton,Vedyasov,5,37004416
Paige,MacDowal,5,47273500
Gertrude,Bampton,5,46457264
Lexie,Woodroofe,2,40442135
Lisle,Forst,3,41099202
Talya,Sobey,1,24011500
Morse,Jirka,4,20742029
Hope,Bampfield,4,44970007
Amandi,Oakton,2,52516038
Adrianne,Asker,5,57054334
Christian,Vassman,5,59432172
Thoma,Gorstidge,4,30158847
Paolo,Cheale,2,32582366
Lance,Meech,2,51557047
Bernetta,Quinnelly,5,25028983
Delphine,Graalmans,5,55595044
Suzi,Moggan,1,40174576
Tris,Mayo,1,36449605
Mathilda,Babbidge,2,26567538
Had,Iwanowicz,4,47916170
Fanya,Benley,1,44347115
Agathe,De Moreno,3,58775639
Nev,Imesson,1,34239504
Emlynn,Vauls,3,24097770
Verge,Kingsman,4,57210378
Nefen,Skelly,1,50602494
Stephie,Lathleiffure,2,31520560
Karen,Duferie,1,48880291
Mattheus,Patterfield,2,27417956
Kirsti,Nealey,2,26927748
Michal,Lamba,5,41984708
Mortimer,Jeduch,5,39626304
Shannan,Ovendon,4,55651677
Annette,Peiro,1,43677889
Percy,Gounard,4,44375644
Bren,Bunston,3,37448657
Rebekkah,Goudman,5,52214527
Suellen,Luebbert,2,29199903
Julietta,Bailie,2,54293995
Kasey,Adamovich,5,28898031
Whittaker,Hucquart,2,52190102
Stephie,Mackerel,2,30812143
Zared,Drexel,3,51398217
Ximenez,Meach,1,34122254
Nanon,Mahoney,2,52073211
Sascha,Seagood,1,39389217
Paula,Tunnow,3,40608737
Cord,Lacelett,3,20597822
Wyatan,Gilchrest,4,21409476
Townsend,Roon,4,27367053
Alvira,Heyball,3,56434450
Irene,Staton,1,47383707
Dorisa,Hartup,5,35450690
Sara-ann,McElwee,4,40247511
Daven,Geistmann,1,25053185
Hanson,Waplinton,5,31550147
Junina,Saulter,5,24881038
Gavan,Werendell,5,48708647
Josie,Skuce,2,46753961
Jania,Bugg,4,33991633
Allissa,Burston,1,47059492
Kalinda,Scudders,4,58482948
Nicholle,Retter,4,24403128
Gwenny,Dudmarsh,4,23290789
Say,Rainbow,1,51653679
Lief,Downing,3,31853426
Dania,Wolfenden,4,51902962
Lyssa,Leverett,5,46738137
Evelyn,Shrigley,5,24421835
Sebastien,Elizabeth,2,23867418
Porty,Schruyer,4,36512026
Bayard,Inkpin,2,25996359
Saba,Lumbers,4,21557871
Maryjo,Giannazzo,4,45220805
Kalvin,Franscioni,4,34170965
Udall,Mattisson,5,29819418
Lorie,Ruffle,4,29263695
Donelle,Oylett,5,35489853
Will,Marriage,3,26019880
Maryl,Ferrucci,3,55331047
Vina,Clemenzo,5,51992692
Cobb,Tibbs,4,58152785
Reg,Hartopp,1,20601003
Marleah,Slott,4,48941898
Vally,Bullimore,2,57703040
Shandee,Foggo,3,27145398
Murry,O'Hagerty,4,58363767
Carlie,MacCarter,2,24859358
Marlin,Hosburn,2,21070215
Ezechiel,Lavis,5,41994949
Aloysia,Antonin,2,35892062
Serene,Mulford,1,24895005
Selle,Torrent,3,55103397
Arly,Tellenbach,5,58715497
Balduin,Titta,1,46382082
Conrado,Ellyatt,2,58574126
Charmian,Utton,1,49094899
Barbey,Tourry,4,43198141
Renado,Reddin,2,38084987
Brion,Kerss,3,36358254
Thayne,Beardsdale,1,58547545
Lucita,Vater,3,37608536
Ilyse,Minchinden,2,48314908
Min,O'Curneen,3,21359145
Trista,Dallimare,5,21668989
Faber,Cearley,4,47555673
Rudie,Worland,3,49957959
Barnabas,Jentet,5,20024591
Art,Tinson,2,48293046
Clara,Woolway,3,31525901
Glenine,Souza,1,22075816
Susan,Grissett,1,37906812
Birk,Bolduc,2,23692500
Hilda,Sainz,4,51564090
Zacharia,Nibley,1,45436219
Vinson,Whodcoat,3,28980992
Ninette,Falla,3,56393462
Merill,Loveman,4,59279801
Ellette,Slimme,4,29531252
Kirk,Haskins,1,44778063
Nissa,Klink,3,51153794
Melli,Devericks,3,52746364
Neil,Escalera,4,30560973
Tybi,Freddi,3,25728590
Danielle,Neno,5,30168643
Suzette,Kendrick,5,35872165
Menard,Garnam,5,45585979
Julius,Braunston,1,20817209
Elston,Borrington,3,49314913
Carolyne,Rolfini,4,47205112
Kelsi,Deroche,2,32153834
Elva,Pimley,5,29640291
Lee,Sylvester,2,33235304
Ann-marie,Gaffey,5,47002721
Corine,Levecque,1,25859862
Ethe,Schaumann,1,33512148
Danette,Merill,5,26495786
Clemente,Grafton-Herbert,5,48136960
Jemie,Winckworth,3,50285042
Rolando,Seiler,1,42096636
Salli,Boule,4,20318012
Teddy,Plascott,4,37498169
Wynnie,Lynthal,2,50367785
Fernanda,Balharrie,2,53795206
Zachary,Vasilic,4,20517856
Morgan,Burgyn,2,32211562
Guillema,Foggo,4,40638081
Brier,Coskerry,3,44284525
Elsy,Pancost,5,53263860
Raven,Birch,1,57795615
Emeline,Richold,4,22120011
Matty,Inchan,4,55627445
Thorin,Harford,2,53854678
Betti,Piborn,1,25897381
Haily,Tatlow,2,27347426
Pearl,Baggiani,2,47089876
Lynn,Beazley,4,55729906
Prentiss,Duckwith,4,43094243
Raphaela,Mottershead,5,23167181
Alli,MacCallister,4,26255919
Cherilyn,Mealiffe,4,35831616
Perry,Osipov,2,52946949
Garry,Bewshaw,3,30085947
Arri,Evered,5,42798184
Dillie,Feast,2,20873125
Micheal,Bramford,3,35096907
Joseito,Shackesby,5,24334316
Selinda,Hebborne,3,30655399
Hayes,Thebeaud,1,29334274
Ambrosio,Brozek,1,41192355
Cris,Hearse,3,38282279
Dasha,Chancellor,5,38647244
Marybeth,Klempke,4,36846577
Dur,Ashfull,3,20245970
Coretta,Freiburger,3,43969599
Kellsie,Craigs,3,48094161
Christophe,Chittleburgh,3,34795702
Skye,Anyon,4,25570859
Egbert,Comer,1,31667119
Leeann,Salter,4,46920126
Mervin,Hamblen,1,33396145
Lizbeth,Daal,4,59846465
Bard,Coalbran,3,24444228
Morgan,Spatari,3,52984023
Cathrine,Snowdon,5,39840733
Charmain,McCowen,1,49222379
Petrina,Scutt,2,22247271
Corbie,Abys,5,22111510
Doris,Basek,3,46472730
Calvin,Cellone,4,54284062
Alys,Flasby,1,59299476
Maridel,Licence,1,38842882
Candida,Corderoy,3,46995064
Merrili,Withers,1,38706905
Luisa,Kenion,1,40230227
Abrahan,Sappy,5,24994310
Georgiana,Peegrem,1,28368464
Christian,Quibell,2,27238574
Nelle,Gurnay,5,49894577
Ammamaria,O'Sesnane,3,31908109
Mehetabel,Jakubowicz,2,20088214
Nils,Allberry,1,34180581
Rickard,Saltern,5,34983415
Freeman,Leer,5,27095958
Dore,Thrasher,2,34846609
Catherina,Goldis,3,35911757
Happy,Clipston,3,55235735
Huntley,McGreary,3,47929123
Verile,Losselyong,1,50827919
Malia,Guyon,2,33552938
Pedro,Swyre,5,36178854
Janith,Kew,5,51411482
Vivi,Rochelle,3,54722428
Rosabelle,Caldicot,3,22072564
Dody,Alfonsini,2,34594644
Tony,Morrieson,3,58661417
Findley,Sedgefield,3,22779003
Erny,Baynard,3,32041220
Toma,Covert,5,27933766
Yardley,Garahan,3,56074816
Juliane,Iannuzzelli,3,20358082
Giovanni,Dameisele,1,42860248
Danyelle,Craise,3,38375784
Hatti,Novakovic,4,39189859
Malina,Speight,4,30357877
Fred,Blyden,2,43000269
Archibald,Sime,4,21304201
Abie,Zipsell,5,31639417
Bernardine,Eliff,4,33654949
Sharline,Alman,2,34256224
Estevan,Sellick,4,58258897
Jethro,Hawke,1,34513906
Spence,Fillan,4,35027100
Wade,Bernardotti,2,42717441
Jacquenette,Neylan,4,50600054
Tabitha,Potapczuk,3,22154702
Lee,Couche,3,25329129
Merle,Methuen,3,46907114
Greta,LeEstut,4,23966326
Lauri,Leahy,4,46946468
Ashby,Applewhite,1,38469117
Tallie,Stuck,2,53893918
Kinna,Shropsheir,2,23032795
Chad,Caskie,2,33340667
Barn,Elloy,5,52738273
Gerhardt,Stanlack,3,26152111
Marieann,Gillean,3,40764425
Hanan,Laight,3,38708966
Jess,Wytchard,3,55880992
Aleta,Hegerty,3,34567761
Pryce,Scrivner,4,50533276
Godiva,Ackenhead,2,35951694
Wilburt,Fairn,4,25916023
Nicky,Murie,5,20817288
Lexine,Bingell,1,36170562
Kissee,Venart,1,34542918
Leola,Mandrier,1,47899082
Estrella,Chidzoy,1,40975888
Judy,Buckberry,2,39888209
Grazia,Blaisdale,1,53273762
Wendel,Bronot,5,50195096
Morgun,Helwig,1,59675874
Rodi,Kenewell,5,32865339
Fair,Chezelle,1,55174395
Dorey,Purcell,2,36971183
Scarlett,Gilbertson,3,49575410
Illa,Dinnington,5,42378140
Loree,Coggill,3,26350845
Moises,Petrozzi,1,20843927
Darya,Kilday,4,40459877
Gaby,Farnon,3,56147619
Bernette,Dudgeon,3,59242044
Jordain,Steely,1,31092161
Uriel,Gatherell,5,23198965
Deina,Conkie,2,48962137
Winnie,Kment,2,28549728
Benjy,Greatrex,3,29814046
Susanna,Roostan,4,50170170
Flossie,Townsend,4,42123262
Christie,Gissop,5,50863502
Harp,Maykin,1,54196413
Brody,Lillyman,5,23036502
George,Riordan,3,30034497
Talia,Whitley,3,20996770
Vinni,Berecloth,2,37923562
Alfie,Mackerel,5,49880124
Chucho,Goodley,4,22004182
Rosabel,Anthiftle,5,27164038
Costanza,Duckhouse,3,43737006
Isidoro,Tankin,5,32164806
Caritta,Moger,1,38811756
Karol,Geroldini,3,54975920
Adelind,Vanyashin,3,49196977
Bailie,Gonnard,4,54297418
Christen,Montez,3,58035466
Julianne,Upshall,4,30124133
Albrecht,Lepere,4,48216950
Rubia,Eadmead,4,30665710
Vincent,Long,3,38475650
Kathie,Murney,3,49182294
Elizabeth,Udale,3,38729404
Callie,Griston,5,53985079
Ephraim,Danieli,4,20033365
Samantha,Sweetenham,4,22750276
Rhianon,Coxhead,1,38359883
Colette,Matzkaitis,1,38062158
Liam,Neate,4,41109221
Anna-diane,Sorey,4,21118467
Kare,Tonge,3,43349583
Melosa,Coatsworth,2,29496801
Robinetta,Yanshonok,3,27250300
Thebault,Tomlins,4,31210197
Selby,Fodden,2,34837703
Elise,Kolis,3,23630401
Obadias,Bliven,2,51591460
Mabel,Charman,5,35730924
Clemmie,Kitney,1,51579987
Rodi,Glenfield,3,21841054
Lorie,Robertsen,4,54443842
Verena,Chimienti,4,50418160
Pryce,Blumsom,2,35088184
Rhody,Lovatt,4,27055817
Orel,Thirsk,4,30017414
Edi,Parminter,1,45785325
Lilah,Ciccotto,5,49860772
Karola,Roddick,4,27869751
Barrie,Mobley,5,26452471
Iona,Huson,4,28801057
Cherlyn,Antunez,2,44560106
Lilas,Camilli,4,41506382
Dasha,Rosenblum,2,31973551
Alysia,Foukx,4,31072667
Nona,Alenov,2,59753840
Fred,Humfrey,3,51995644
Carilyn,Pook,5,34229231
Martguerita,Broader,5,47310864
Joy,Redparth,4,55728064
Tootsie,Fonzone,4,48255556
Anton,Dacres,1,31587221
Carmon,Eilles,4,39906034
Flss,Pasek,2,29999121
Mordy,Coraini,4,58637326
Blondell,Palay,5,43314498
Gisella,Bodesson,1,35712157
Dinnie,Petrollo,3,20164940
Devi,Eagling,1,46199182
Aidan,Belhomme,1,50951777
Alena,Layton,5,23952748
Cullen,Errington,3,20879423
Talbert,Phinn,1,52731723
Sibby,Carn,1,40736237
Tiffany,Bottini,3,31640481
Lin,Morison,5,33860000
Brenden,Rengger,3,59587367
Francois,Oldridge,4,38635094
Rochester,Gowlett,1,24874086
Valeda,Lawden,1,46471158
Jolyn,Byre,5,59586671
Daria,Selby,1,23114299
Elly,Holmyard,4,49777502
Candie,Dowbekin,5,55525185
Georgina,Allott,3,27440115
Horatia,Scneider,2,59756691
Rosalynd,Tetther,4,35452701
Forster,Spurrier,1,33647353
Catarina,Wainscot,4,39676268
Conn,Blundon,5,49994826
Gerry,Cruft,1,24844983
Shirleen,Rodge,2,36005550
Kalil,Eustes,2,38970635
Kala,Snuggs,3,30328886
Madelyn,Hollyard,1,38633246
Dav,Cleveley,5,37134856
Cornelia,Morston,3,49619953
Minda,Ranshaw,4,21911619
Alverta,Wakes,1,37429576
Sybilla,Jorck,5,38607406
Adolpho,Bonnier,2,24747572
Seana,Slimm,2,54772328
Joela,Aleksankin,3,22182445
Gabbey,Denne,1,56982009
Richardo,Tole,5,25425649
Lowell,Redington,3,26633651
Monti,Buick,3,32557434
Ferdinande,Kollasch,2,42301700
Merline,Derr,5,41319902
Jacky,Valdes,1,24486053
Dewie,Gardner,3,35228178
Cole,McIlvaney,1,51156545
Janeczka,Ashpital,3,58188956
Gerhardine,Bettles,5,24397752
Ashbey,MacCombe,2,32604704
Stephana,Carnachen,2,55641121
Alane,Dumbare,5,56161523
Dody,Klebes,3,58142519
Helena,Boler,4,50999113
Mikaela,Corre,3,37470706
Imojean,Moriarty,1,23797429
Darbee,Le Brum,4,47034468
Sunshine,Fernant,1,41264476
Alys,Leys,2,47318997
Venus,Sperrett,2,47019800
Berty,Olivo,4,28733041
Sheilah,Sedwick,2,38859741
Betty,Ambresin,2,42175438
Hadley,Sawkins,3,41165627
Alfredo,Abramov,4,41604336
Arline,Weatherley,5,33986907
Julianna,Adamovich,5,38560644
Manny,Zaniolo,3,49358374
Grace,Magson,5,28753982
Krishnah,Gilbeart,4,47714147
Maxie,Andrzejewski,5,40454183
Cindie,Hayden,4,44412529
Shaylynn,Garlette,2,22150865
Ezechiel,Rubie,3,20415459
Saxon,Ramsdale,3,20204717
Meggy,Bloss,3,41647114
Cherise,Whistan,1,37928408
Karyl,Benne,3,39647919
Melissa,Broadley,2,37185042
Lea,Petrasek,1,25121266
Linet,Oakley,1,50516925
Knox,Ovell,5,39800166
Ronnica,Gerriet,4,34308312
Ase,Conkie,1,33277918
Myrtie,Snawdon,3,34342477
Emmey,Butland,2,55888716
Christos,Jakeman,2,27424457
Pattin,Huetson,5,40848968
Devora,Penhearow,5,57506447
Leanna,Fretter,4,37612461
Ardisj,Palmar,5,46997296
Karyn,McDuff,1,53757434
Meghan,Boughtflower,3,47854336
Ardella,Parradice,4,25786956
Kellby,Wibrow,2,21291992
Arri,Currington,3,58455128
Derrick,Ashbrook,2,26243741
Vaughan,Ewbanche,3,55044672
Blake,Spridgeon,3,36533472
Bella,Fydo,1,43002317
Jessi,Dorrington,5,30988263
Sawyer,Lidierth,1,38606638
Joann,Bold,1,48075068
Webb,Hearne,3,48271193
Veronike,Elsmor,5,26715454
Catarina,Daborn,2,26128352
Waldo,Grahlmans,3,31252364
Lorna,Raffeorty,1,49140025
Rhona,Pammenter,5,31658391
De,Durran,5,59884006
Talia,Perri,2,38654857
Myrna,Stearndale,1,59281444
Yoshi,Bottby,5,34976099
Glen,Tester,2,29427089
Baily,Raynton,5,48257025
Torie,Rickasse,2,42841165
Iggy,Crozier,5,20280841
Dorena,Bigley,1,31986942
Judas,Bushell,2,21815924
Tiff,Hunte,5,47057383
Lavinia,Santhouse,5,23689886
Bette,Aprahamian,1,29961961
Olivie,Huntriss,1,55516599
Bay,Stormouth,4,35345855
Rubi,Hale,5,26789405
Janette,Leitche,3,43819070
Karita,Stapforth,3,22661805
Margy,MacFall,2,36709023
Dorena,Witherow,3,46626651
Odilia,Oldershaw,4,51292073
Tabitha,Collick,4,22832401
Hayes,Coatham,3,26748364
Korrie,Schwandner,4,37031518
Burtie,Doveston,4,55281644
Silva,Cator,2,20086751
Cordy,Aindriu,2,39592618
Thekla,Alforde,4,41361418
Konstanze,Seabon,1,29874614
Terry,Bonome,1,44683859
Lambert,Plaunch,2,55437266
Jeannie,Durkin,2,47409868
Nalani,Ralston,3,46988467
Alyss,Butland,2,40356220
Mimi,Canizares,3,43288153
Hamnet,Billington,1,33171552
Dannye,Totaro,4,38689510
Mame,Wanka,1,35994308
Ellynn,Naisbet,2,48718665
Galvan,Mieville,3,54573382
Thomasine,Varnham,3,56943196
Winfred,Jelf,2,26473367
Vita,Klus,5,41889312
Johnette,Ferre,1,47985920
Brigida,Cottrill,2,31583580
Hunt,Truluck,4,44490779
Brien,Gulleford,3,20357959
Evie,Gergely,1,48609472
Alaric,Duguid,3,53201894
Carree,Arling,3,53278501
Talbert,Eustanch,2,43066769
Orlando,Dell Casa,5,52197659
Arlen,Foskin,4,23389175
Jaime,Kear,1,26522971
Dante,Scala,3,35233594
Ulberto,Mark,3,22930528
Jerrold,Helis,5,44536784
Merline,Gwilliam,4,59571896
Norma,Fountian,4,29162093
Barron,Martygin,3,30168833
Saleem,Grutchfield,2,47207337
Jess,Springate,3,41734956
Yvon,Bartleman,4,52264607
Dolores,Flindall,2,56849942
Ruthann,Torbeck,2,49515478
Aigneis,Perrigo,3,23409045
Rriocard,Castri,2,58748490
Una,Dudden,5,58761416
Patty,Marrison,2,25571608
Ruthann,Kimmince,3,36663456
Even,Le Clercq,3,20318084
Karee,Mum,3,48661122
Jimmie,Winspar,4,47909754
Matteo,Tolossi,3,43825866
Richard,Keady,2,48284397
Grata,Graysmark,1,41759908
Faulkner,Pattlel,4,21740842
Christie,Saipy,4,54184263
Winnie,Stening,5,26398752
Yetty,Robinet,1,45590261
Emmeline,Samart,1,46097152
Linnea,Manuely,3,46918716
Orel,Hobble,3,27971175
Bald,See,2,22839281
Dewie,Brotheridge,4,40538202
Etty,Artiss,5,42552725
Garv,MacWhan,2,54655086
Niels,Battie,4,24456978
Karalee,Burmaster,3,51992404
Cherin,Winkle,1,42898641
Kimberlyn,Easom,3,30755045
Nichol,Incogna,5,38851188
Shirleen,Fundell,1,51785438
Mercy,Kale,1,40524694
Laurens,Candey,3,38033223
Bertha,Kinnerley,1,23794929
Evangelin,Buffey,5,22012632
Alia,Talbot,4,57109138
Eddy,Carless,5,29553288
Mavra,Warmington,3,37789094
Antoinette,Tween,4,55624749
Darda,Farquhar,2,50891456
Bordie,Mabbs,1,30594270
Neddy,Cars,3,27052166
Randa,Edmonston,4,46519865
Jerome,Graver,4,46392632
Giraldo,Godfroy,2,22783265
Brandais,Adshede,3,44749533
Roxanne,Danslow,4,58991898
Candide,Phinn,1,25680705
Manfred,Hallihane,2,32324131
Gayleen,Colloff,4,53710946
Lynda,Solway,3,55676493
Avrit,Nineham,3,59215502
Melamie,Pavlasek,4,59108998
Merry,Maren,4,54972465
Nefen,Hof,2,34065725
Maridel,Fireman,3,24434629
Harmonie,Ewbach,5,37449907
Nerissa,Bordiss,1,54320080
Penelopa,Poat,5,56354434
Tyne,Nunnery,2,59238125
Maribel,Petrovic,3,31496900
Debra,Landsberg,3,24419423
Darsey,Killiam,1,48801066
Melly,O'Cuddie,5,48998794
Alexandros,O'Sheerin,5,30265837
Zuzana,MacDougal,1,42728798
Francis,Trencher,3,39770809
Zonda,Venners,3,42877604
Benetta,Petrasso,3,23757629
Alvinia,Zorzin,4,25185235
Fanny,Rounsefell,3,59811295
Radcliffe,Carlsen,3,22554541
Wilburt,Barrowclough,1,49894878
Roberto,Paynes,1,28363061
Hamnet,Glacken,5,47371336
Phip,Regi,2,44460049
Jessa,Chesterman,2,26943782
Weider,Paoletti,3,42912050
Orson,Allcott,5,40035323
Martie,Moorhouse,4,38034996
Rusty,Blunkett,1,36439614
Darci,Allen,4,34972356
Perry,Dils,1,31699382
Bronny,Gentery,2,46035996
Lilllie,Cudihy,1,46959940
Jilleen,Weippert,4,48367669
Harri,Beggan,1,34739478
Langsdon,Chafney,3,41413449
Charla,Flement,4,38489857
Ripley,Tregenna,1,59941221
Orelee,Rudd,2,56363537
Lorettalorna,Baldi,5,44318230
Gallagher,Addenbrooke,1,37457784
Judas,Jacquemet,4,44959489
Frederico,Kirke,2,51681863
Yorgos,Graveney,2,58756263
Gwenette,Throughton,1,21891734
Poppy,Noe,5,43956414
Maridel,Colebrook,2,55584015
Nanette,Haddleton,1,36203327
Ardyth,Cobbold,1,44864167
Johan,Twidell,1,58479960
Arvin,Pike,3,53261742
Juliet,Bautiste,4,25923793
Royal,Kipping,1,43499108
Dani,Tilt,2,58061923
Eada,Mourge,4,36359416
Ileana,Fulle,1,31202898
Bibbie,Elleyne,4,21379557
Joelly,Niblett,2,43953177
Arvy,Caustic,5,26518614
Esteban,Gilhoolie,2,42282347
Aila,Hamstead,4,35902108
Evvie,Krolik,1,49502133
Elia,Brenston,1,55419008
Noe,Alman,1,20216851
Annamarie,Ferrarese,1,38222635
Ema,Guidetti,4,24635310
Ophelie,Wipper,4,45434172
Chiarra,Jeens,2,44803294
Gretna,Bruntje,3,51155726
Jerrome,Leechman,3,50779619
Carmelia,Lathan,2,26539072
Janeva,Everix,3,33061321
Sindee,Rembrandt,2,55491430
Zolly,Dyte,4,48814368
Stevie,Jantot,4,49004666
Bradney,Abbot,5,21166668
Dani,Fallen,3,41621572
Timothee,Noyes,1,48494809
Gaylord,Cowans,1,59292456
Gothart,Ferryn,3,28088055
Karyn,Cutcliffe,5,26054256
Shalne,Ellis,1,43713050
Natassia,Biskupek,5,51502250
Katti,Thirkettle,4,37918835
Saraann,Vail,5,37129972
Arlyne,Hiscoe,4,21212201
Alejoa,Royson,3,55788551
Rich,Zorzoni,1,23015482
Petr,Thrustle,1,56535420
Cordula,Spottiswood,1,52675941
Moria,Levensky,1,56731636
Eleonore,Meffin,2,57885625
Juieta,Flewan,4,27627714
Opaline,Bapty,5,47766411
Lorilee,Faire,5,36532820
Rickie,Putton,1,43340667
Rayner,Siviter,4,29630622
Pietra,Bretelle,4,33396177
Kalina,Coventry,5,58923800
Berni,Ashbee,4,46023571
Cloe,Lomond,2,40268183
Aeriell,Hurch,4,42364108
Emanuele,Kirman,3,34397601
Loralee,Ditty,5,55721637
Raquel,Robjents,1,50300610
Goober,Daniely,2,46727909
Sharlene,Shellsheere,1,50487833
Clem,Burgher,1,59624383
Sadie,Pavlata,5,59428475
Yancy,Ballinghall,4,50176583
Gare,Murdy,4,44461438
Val,Alwood,3,58600835
Dag,Trinkwon,1,54438828
Jemie,Perview,4,55715824
Nelle,Krol,4,20713617
Modesty,Perritt,2,46419371
Logan,Blondel,2,22678329
Celestina,Cann,5,21327733
Janna,Iacovo,1,22386156
Lesley,Salling,3,30667869
Barb,Raylton,4,22261742
Yoshiko,Pollastro,3,39919305
Viviene,Lohde,4,31773244
Benedikta,Dumper,4,50430346
Giana,Yuranovev,5,47066327
Robbi,Frankom,5,32910387
Cale,Antley,5,43729123
Jenica,Di Nisco,5,36954756
Berkie,Hurkett,2,44697706
Corrine,Waywell,4,41418005
Joey,Zimmermeister,2,49360788
Teador,Gudahy,2,36202661
Mireille,Tew,1,53054136
Niki,Buncher,4,30200086
Nappy,Grigoletti,2,42490558
Alick,Gatchell,5,40375219
Joellen,Garlette,4,30449762
Idaline,Gomersal,1,32947494
Ferrel,Kubanek,2,56421696
Michal,Loncaster,2,38298042
Bear,Gillice,5,36381771
Maxy,McAlarney,1,51284119
Theobald,Gough,5,44744831
Dannel,Mickleburgh,4,34777886
Drusilla,Foucar,2,52778751
Laure,Duddy,4,33281820
Katey,Symonds,2,31837611
Sinclare,Linbohm,1,39277171
Orsa,Copestake,4,37202636
Olivette,Blaylock,5,36963382
Marline,Duquesnay,1,37086042
Normy,Pascoe,1,38930498
Uri,Audus,3,23038790
Jami,MacSharry,5,26796551
Anastasie,Rutland,5,31611299
Susy,de Leon,4,38856381
Marianne,Dumsday,2,36985782
Janek,Jeandeau,3,21449929
Stephie,Duckham,4,49432610
Ruby,Doud,4,29841859
Haroun,Cianni,4,28139664
Cass,Leggen,1,51828674
Rick,Concannon,5,50672514
Evan,Dickie,1,28869302
Randie,Kirvell,1,42150860
Eldon,Pales,5,26149547
Bette-ann,Poxton,2,57533321
Tammi,Castelluzzi,3,21264291
Ursula,Caveau,5,23102016
Penelopa,Kimmel,4,49326374
Judas,Threadgould,4,26461445
Berrie,Audry,4,50611941
Stefa,Driffill,1,37351524
Joby,Bortoluzzi,1,44773378
Paula,Jacquemot,1,38824227
Drake,Welbelove,2,38927263
Kelley,Piff,3,51868273
Madelaine,Purseglove,5,21627060
Noble,Lagadu,4,54433642
Dena,O'Hare,1,24500897
Godfrey,Cornilli,1,47205219
Orella,Prendeguest,5,44152150
Mora,Cran,4,50756391
Conrad,Reddings,2,32687269
Ignazio,Maltman,1,48678309
Ogdan,Thorius,5,50680072
Riki,Stearndale,2,59457759
Marillin,Silbert,3,42440534
Cherlyn,Masdon,1,20958904
Lancelot,Rosenwasser,2,50640648
Clarice,Le Moucheux,5,24674131
Huberto,Rousel,3,24595601
Faythe,Benediktsson,1,34321688
Quentin,Cardello,2,53238092
Gardener,Le Provost,3,53047323
Ferdinanda,Lacey,2,40128262
Thorsten,Clutterham,4,24877773
Marrissa,Chapling,2,42553391
Koressa,Canape,3,55831538
Sherrie,Heffernon,4,30969101
Janeczka,Denecamp,2,41532628
Karl,Pearcey,3,54453667
Dredi,Trotman,4,56705136
Xever,Muncer,2,24752841
Mora,Konzel,1,29798365
Northrup,Ortell,5,39275557
Morry,Girardoni,4,50689897
Erika,Alfwy,3,36066642
Mendel,Brummitt,5,34029309
Letti,Hadwen,2,46267254
Meghan,Cabbell,4,45694843
Aileen,Himsworth,4,50795229
Sharla,Kenset,2,46923928
Lyndsay,Cluely,5,52476672
Melisenda,Raithby,5,52414131
Way,Currm,3,49649116
Cary,Deener,5,55905103
Trueman,Stark,4,32152619
Janaya,Bithell,3,54597296
Jessalin,Crowder,3,31045081
Gay,Duffie,4,45165349
Pace,Ardy,4,49304776
Josiah,Bonniface,5,52690714
Jordanna,Huscroft,4,34494057
Maddi,Duckworth,4,42062397
Sidonnie,Sagar,1,31652757
Johna,Goodright,3,27744725
Paul,Simioni,5,45765453
Danni,Newband,1,20777182
Brien,Waliszewski,5,21045144
Sisile,Ockenden,1,30767498
Wandie,Tebbs,5,45699570
Tova,Twohig,4,57830358
Wally,Palatini,3,39937434
Dewitt,Lawman,1,27820892
Peria,Chadwin,5,21807705
Myrtie,Skerritt,1,44298942
Waldemar,Davenhall,5,36241363
Margalo,Whitecross,3,33334799
Hastie,Ginn,5,51442722
Land,Burney,2,40119675
Roseanna,Bendall,4,56529599
Albina,Saldler,2,20372417
Reed,Artois,1,20683419
Bart,Beavon,4,38192783
Wildon,Camoletto,1,37972584
Alina,Gaither,3,38062524
Wally,Jakoviljevic,2,41603416
Maximilien,Fosdike,1,51676882
Wilone,Flemmich,3,52204235
Tasha,Fendlen,5,54845864
Ray,Giacubo,2,42772269
Antonino,Dunmuir,3,29670595
Parry,Bailey,1,39669419
Tressa,Kurdani,1,40495717
Annette,Willowby,3,57303718
Charley,Wragg,5,50811261
Jackson,Lippatt,1,42409623
Belia,Olexa,4,59772954
Kore,Goforth,3,47413590
Ethelda,Jouning,2,44000847
Barbi,McIlwraith,2,30526321
Janetta,Ree,4,44028989
Rahal,Reymers,4,43007163
Ray,Grahlmans,1,23917297
Eran,MacHoste,3,20957742
Mehetabel,Hanfrey,1,54731436
Carol,Gebbe,4,50821263
Blair,Boake,5,58293336
Amandi,Dearn,4,57366334
Gretchen,Guilder,2,43987663
Claude,Tomeo,5,56737695
Sancho,Pohl,1,59779773
Clio,Gary,5,24165304
Beauregard,Hildrew,4,54883543
Alf,Kearn,2,51751329
Dame,McGahern,4,27128293
Gabey,Paradise,1,51308668
Derry,Attrie,4,40718990
Tiffy,Calderon,1,28743478
Corby,Pavlata,4,34530229
Neron,MacQuarrie,5,44732620
Geoff,Jossum,4,35694139
Bernelle,Sieur,5,59795109
Emmanuel,Snugg,5,34214089
Bethina,Collingworth,4,38793252
Afton,Deighan,3,35264958
Gardner,Deniskevich,1,45161364
Chiarra,Korneev,4,59714338
Katie,Greetland,4,23942907
Olga,Menguy,1,42568137
Sosanna,Backen,4,20656222
Erhard,Hamly,1,32690247
Janie,Oldknow,5,33586802
Kerr,Dyte,2,50937118
Camille,Pendrill,5,23795677
Cesya,Child,4,20297442
Cele,Primarolo,1,59447613
Suzi,Stebles,2,37432053
Earlie,Lonie,1,42185451
Lishe,Carillo,4,50826422
Beverlie,Mairs,4,41144034
Cob,Strattan,4,54642950
Loren,Luetkemeyer,2,43960361
Emelia,Mayger,2,26525088
Delly,Robson,3,28473969
Melicent,Sagerson,4,49717376
Terrill,Iacovides,4,57846304
Peggie,Renner,2,52385116
Tiebout,Jancik,3,24794756
Filide,Gridley,1,52677348
Fernanda,Anscott,4,59011964
Minna,Labrow,3,44174793
Clarita,Moogan,1,33569944
Celestina,Prandy,5,48505384
Ardine,Dowling,2,52021401
Sawyere,Wheeliker,5,52298427
Damita,Handke,5,28876605
Neal,Joly,5,53619550
Darline,Clemont,2,38036355
Lazaro,Kipling,3,42052885
Caryn,Hubber,1,58760358
Syd,Ayres,1,33304722
Turner,Guiden,1,51850786
Elisabet,Manoch,5,41097271
Kipp,Barnwill,3,24658729
Minny,Bickley,1,46259802
