first_name,last_name,identity,staff
Genovera,Cupitt,57797397,Docente
Ainsley,Bruckenthal,49134520,Docente
Ursulina,O'Dennehy,38591254,No docente
Ryun,Sergent,56297864,Docente
Essy,Blackborow,52034624,Docente
Valeria,McQuilkin,23095587,No docente
Jaquelyn,Davidofski,20078306,No docente
Doria,Norwich,30881879,No docente
Indira,Finden,29855174,No docente
Chelsie,Jerred,29674675,No docente
Chevy,Lyttle,51384901,Docente
Lorilee,Baldacchi,33985078,No docente
Domingo,Bowie,45731830,Docente
Josi,Antrim,28034037,No docente
Brose,Kenewel,33122097,No docente
Dorita,Down,32827439,No docente
Melisa,Loveland,58907791,Docente
Mechelle,Flatt,47578815,Docente
Gussie,Ingerith,27382031,No docente
Barry,Jurgen,25684781,No docente
Inglebert,Lickess,22298712,No docente
Valry,Newton,27093726,No docente
Manny,Shadrack,54969637,Docente
Jackquelin,Laudham,51531057,Docente
Cyndia,Espada,54435225,Docente
Carola,Crabtree,59538295,Docente
Nisse,Rayburn,48749852,Docente
Yank,Pillman,50053465,Docente
Rodina,Forsaith,22777184,No docente
Vi,Caltera,36194031,No docente
Marget,Pennycord,20918927,No docente
Matthiew,Lettsom,56986770,Docente
Julianne,Fernehough,56490034,Docente
Diego,Lougheid,44206876,No docente
Engracia,Pond-Jones,56903583,Docente
Fleming,Garlett,36255389,No docente
Cassius,Steaning,28418413,No docente
Hildy,Danilovic,57140187,Docente
Tandi,Glacken,55836791,Docente
Dmitri,Fookes,20974565,No docente
Sybila,MacCoveney,55793906,Docente
Astrix,Espinoy,40486754,No docente
Simmonds,Bullcock,20747186,No docente
Lucienne,Rout,26205188,No docente
Jeff,Bossons,43984985,No docente
Phillip,Bogaert,54344466,Docente
Waly,Atwell,57848067,Docente
Bartholomeo,Laxe,33349723,No docente
Casie,Exton,24893801,No docente
Ripley,Peace,24974390,No docente
Marijn,Mersey,32414786,No docente
Jeana,Stanbro,54921306,Docente
Benedikta,Tough,50250878,Docente
Boyd,Kalkofen,53802715,Docente
Reinold,Keems,30556806,No docente
Dorise,Laviste,31131360,No docente
Kris,Carriage,41158176,No docente
Colver,Paget,26133899,No docente
Zuzana,Stockdale,33897462,No docente
Annmaria,Ronald,24661672,No docente
Radcliffe,Scown,57637977,Docente
Cornelia,Walburn,28548616,No docente
Ansley,Dinnage,35033108,No docente
Vonni,Soulsby,45928154,Docente
Eveleen,Markovich,42110795,No docente
Dacy,Perch,44258998,No docente
Archaimbaud,Caccavale,55477854,Docente
Joachim,Spurden,48199278,Docente
Donny,Langer,46823866,Docente
Alexandra,Kenealy,34451824,No docente
Heidi,Jenner,37896816,No docente
Adey,Ingilson,29542897,No docente
Marjie,McTaggart,27063415,No docente
Conchita,Code,22766826,No docente
Hettie,Pooly,49954521,Docente
Ulrica,Wyness,52090929,Docente
Donavon,Gillet,35903418,No docente
Christie,Cookney,23377209,No docente
Cicely,Reubens,23640597,No docente
Cedric,Castel,44815724,No docente
Starla,Mariot,40788496,No docente
Packston,Mattessen,39178269,No docente
Cece,Bellows,37605576,No docente
Daisy,Walrond,53904808,Docente
Jonathon,Billings,42408638,No docente
Aluino,Colleymore,54766297,Docente
Rowan,Assiter,33307991,No docente
Barclay,Hainge,32256682,No docente
Catlee,Maddrah,47773253,Docente
Mufinella,Vardon,20688351,No docente
Eirena,Winskill,20901128,No docente
Branden,Piola,59477174,Docente
Midge,Ridsdell,51707788,Docente
Renard,Woodhouse,50289218,Docente
Chick,Pimlott,35303650,No docente
Fiann,Drees,53175784,Docente
Dell,Trench,34720204,No docente
Kelbee,Tarborn,21081077,No docente
Mathilde,Frontczak,49912958,Docente
Viviene,Beevers,38171641,No docente
Emmy,Raatz,39485659,No docente
Bidget,Hamman,29324177,No docente
Isidoro,Valentine,36165162,No docente
Charita,Hiddersley,22433207,No docente
Reeva,Brecken,25514779,No docente
Tallia,Abbots,46001903,Docente
Tammie,Clyant,40831979,No docente
Elston,Hollyar,34678183,No docente
Bernardine,Nagle,42360749,No docente
Erskine,O'Heaney,22715977,No docente
Sonny,Sacaze,28930782,No docente
Nickey,Dowears,57283582,Docente
Trudie,Arkin,39967663,No docente
Britney,Handforth,21853550,No docente
Urson,Bartomeu,48744046,Docente
Clare,Lawrie,27714437,No docente
Carena,Madeley,43366329,No docente
Zorine,Sarge,22847403,No docente
Kevon,Scampion,42103662,No docente
Donnie,Duff,32780470,No docente
Augie,Lambswood,23161167,No docente
Fey,Corless,33107439,No docente
Deck,Buckett,47041720,Docente
Doralyn,Elbourne,31004245,No docente
Dianne,Aldred,29131032,No docente
Norman,Roxbrough,54488323,Docente
Bear,Linny,48423874,Docente
Maxwell,Lillistone,39825137,No docente
Marcela,Geater,45210698,Docente
Guthry,Rudland,37360742,No docente
Amie,Chessel,31477410,No docente
Lincoln,Ishak,52380254,Docente
Dolly,Patriche,53798230,Docente
Merle,Wastling,43671777,No docente
Franciskus,Lissemore,32323695,No docente
Gerry,Jepensen,42942905,No docente
Luelle,Mushawe,20068097,No docente
Helenelizabeth,Mountford,37384041,No docente
Obed,Booth-Jarvis,49836503,Docente
Bear,Toe,40277763,No docente
Betta,Veschambre,28254556,No docente
Garvy,MacCaffery,45833628,Docente
Aurelie,Benet,45897798,Docente
Rosamund,Divina,42813376,No docente
Alexa,Brauner,44141928,No docente
Felice,Ilyinykh,53432403,Docente
Venus,Gude,36014697,No docente
Myrilla,Infantino,51586588,Docente
Lew,Billion,30091951,No docente
Cindee,Fadell,29422454,No docente
Elfrida,Rollings,51086241,Docente
Andie,Tilmouth,46091383,Docente
Tonie,Roalfe,35736712,No docente
Oliver,Spendley,25772805,No docente
Tymon,Langhorn,58529006,Docente
Lucie,Zukerman,22840662,No docente
Isabelita,Coley,51419698,Docente
Franky,Hadwin,33741052,No docente
Ines,Dearnaley,30892420,No docente
Erek,Schurcke,21612518,No docente
Maria,Crichmere,36412726,No docente
Susana,Wattisham,39490088,No docente
Michaeline,Vasyushkhin,59509888,Docente
Rick,De Michetti,45468337,Docente
Taylor,Sweetzer,29970407,No docente
Bettine,Cisneros,50899637,Docente
Elie,Macconaghy,54045645,Docente
Sharla,Betham,21386101,No docente
Natty,Brahm,59625113,Docente
Gipsy,Willmont,40783895,No docente
Gerta,Ivkovic,26424320,No docente
Miriam,Conneely,32166690,No docente
Morlee,Giorgiutti,44732124,No docente
Hilliard,Loadsman,24132309,No docente
Eulalie,Grix,27105538,No docente
Maximilian,Rysdale,42026378,No docente
Renae,Chasmar,36197796,No docente
Laurice,Boldock,43873843,No docente
Shepard,Witter,39225090,No docente
Saudra,Schimmang,53524974,Docente
Perceval,Nuccii,28522181,No docente
Odelia,Menguy,25711264,No docente
Janela,Hartill,46725076,Docente
Cob,Bricham,47078931,Docente
Cordula,McGuane,33274776,No docente
Junie,Stuchburie,54988003,Docente
Rollin,O'Nowlan,58700402,Docente
Livy,Bendel,25390849,No docente
Gerhard,Foard,31850501,No docente
Aubert,Reuss,27688268,No docente
Suzi,Lace,51647133,Docente
Lucille,Dovey,46304271,Docente
Berny,Harrowell,22219769,No docente
Gannon,Hanway,56143480,Docente
Kippy,Stidever,43582260,No docente
Keven,Dockwra,58629926,Docente
Gabbey,Aven,50308649,Docente
Cristie,Edgcumbe,39551835,No docente
Hans,Dickinson,43436579,No docente
Fraser,Antonias,58569356,Docente
Flori,Chrystal,25569101,No docente
Fania,Booij,43961575,No docente
Herschel,Baitman,35984341,No docente
Rockie,Heintzsch,24323895,No docente
Minne,Chastney,34906825,No docente
Felisha,Leggs,45980518,Docente
Herby,Chaster,47851537,Docente
Mona,Lafflina,44238864,No docente
Brenna,Clavey,46407271,Docente
Beatrisa,Challiner,48989213,Docente
Milena,Sotham,44138693,No docente
Noby,Broke,22800866,No docente
Orly,Feathersby,46505819,Docente
Kat,Byart,28085668,No docente
Robbin,MacGaughey,34053698,No docente
Griffie,Eger,28189356,No docente
Valentijn,Jervois,38088445,No docente
Lu,Challener,23853326,No docente
Ives,Dzeniskevich,34386218,No docente
Kelsy,Catherine,34254931,No docente
Rory,Bris,46359985,Docente
Daisie,Beach,59868357,Docente
Mathilde,Aizikovitz,45602179,Docente
Chalmers,Labone,42554685,No docente
Gina,Mantle,22810863,No docente
Barbey,Gumm,43255363,No docente
Karie,Quiddington,29820110,No docente
Mohandis,Segoe,45275177,Docente
Gerhardt,Schulze,41445372,No docente
Alisander,Sommer,44790402,No docente
Wenonah,Olver,47931756,Docente
Jethro,Shillan,25383701,No docente
Wilfred,Ivshin,31813203,No docente
Faythe,Fidian,53305203,Docente
De,Tavernor,47218193,Docente
Judah,Reyson,53897590,Docente
Raphaela,Herity,49094828,Docente
Lamar,Winship,34625554,No docente
Dorelia,Cinderey,30718126,No docente
Sylvester,Briscow,51777762,Docente
Melisande,Hoyer,37661373,No docente
Arny,Dugmore,49845665,Docente
Rhodia,Knott,42126384,No docente
Elaina,Zuppa,27071927,No docente
Worden,Dudmarsh,56741705,Docente
Ardyce,McLae,45587322,Docente
Alexandrina,Tylor,54697384,Docente
Linea,Fieller,53345698,Docente
Pandora,Rieflin,59542831,Docente
Debee,Weond,52767815,Docente
Gan,Edmonson,32008727,No docente
Ortensia,Whyborn,24677447,No docente
Lanae,Dunbobin,56616846,Docente
Terrence,Whissell,35739516,No docente
Haily,Robyns,41721030,No docente
Jesselyn,Knudsen,31054244,No docente
Griff,Varrow,49959700,Docente
Georgeanne,Mailey,35767870,No docente
Aldus,Wildes,54314088,Docente
Karolina,Calcraft,21420302,No docente
Kaile,Dryburgh,41451458,No docente
Cynthy,Scoone,47335116,Docente
Wiatt,Ligertwood,31147890,No docente
Shayne,Eadmeads,32763986,No docente
Manolo,Darte,50242598,Docente
Esra,Ridulfo,47789636,Docente
Gearalt,Caulton,57293098,Docente
Micah,Rosenkranc,28433077,No docente
Aymer,Pudden,56685096,Docente
Dolorita,Brannan,45386212,Docente
Tommie,Runchman,57582588,Docente
Meta,Danilishin,48182836,Docente
Issi,Thiese,26434841,No docente
Rozanna,Gammack,55121974,Docente
Katee,Edens,56408032,Docente
Dru,McCutheon,42001615,No docente
Nefen,Durran,59139501,Docente
Archibaldo,Toland,53326857,Docente
Meggi,Cluley,50191553,Docente
Kerwin,Dietz,30054855,No docente
Wendeline,Gurko,26206326,No docente
Muffin,Hallut,40387344,No docente
Nat,Edmondson,56064271,Docente
Hank,Oles,49430011,Docente
Mallory,Allaker,33010703,No docente
Heall,Sprionghall,26033363,No docente
Rosalinde,Oyley,30735754,No docente
Logan,Maffia,49906610,Docente
Adan,Iannelli,53121363,Docente
Rabi,Guierre,31862122,No docente
Parry,Moyers,45422020,Docente
Prisca,Sedgmond,27208503,No docente
Nari,Beushaw,38171786,No docente
Ruby,Kitcherside,48025367,Docente
Burgess,Shoebotham,52404077,Docente
Emilie,Clurow,38422900,No docente
Slade,Von Helmholtz,29942047,No docente
Daniela,Doniso,50419622,Docente
Ashlie,Tewkesbury.,40842811,No docente
Michail,Ivy,53377149,Docente
Bertrand,Tommasi,32601909,No docente
Clem,Tomczynski,32558461,No docente
Harli,Hise,32796004,No docente
Maxy,Bliven,26385495,No docente
Anthia,Ramsbottom,36549496,No docente
Ibrahim,Tracy,23471506,No docente
Alva,Fellini,49467040,Docente
Davida,Dobrowlski,48249429,Docente
Paulita,Rapi,50136829,Docente
Niccolo,Devenish,58490170,Docente
Gamaliel,Josofovitz,45958093,Docente
Edith,Streatfield,40583631,No docente
Shannen,Martinez,36380662,No docente
Justina,Mungham,40047315,No docente
Royal,Greiser,25382081,No docente
Peder,Ambrogetti,43020776,No docente
Giavani,Ashplant,34761552,No docente
Ilsa,Mander,21505215,No docente
Koressa,Buggs,21327848,No docente
Carolyn,Brounsell,38983428,No docente
Ardisj,Mac Giany,35227315,No docente
Adolpho,Layborn,47585172,Docente
Odette,Rockcliff,22939972,No docente
Cletis,Dumphry,45724879,Docente
Aurore,Inge,43294428,No docente
Peggi,Groundwater,47166919,Docente
Gamaliel,Sibyllina,27460339,No docente
Ardella,Zylbermann,32725030,No docente
Dagmar,Sutterfield,25153133,No docente
Beverie,Eley,43125076,No docente
Chip,Terrelly,22895037,No docente
Kacy,Younie,21416627,No docente
Cassandre,Trapp,42334163,No docente
Jamesy,Lelievre,24198022,No docente
Abdel,Goodman,21323999,No docente
Shermy,Iffe,51985592,Docente
Sukey,Hudless,39988454,No docente
Jonathan,Lockyear,56887503,Docente
Bucky,Bramont,32494072,No docente
Gabby,Blanden,24875517,No docente
Elysha,Brocket,53761639,Docente
Danita,Drinkel,39005545,No docente
Far,Widdocks,28662335,No docente
Gretal,Jacob,50231493,Docente
Andromache,Charge,40424184,No docente
Nerti,Machel,47541102,Docente
Dione,Haggard,37215045,No docente
Shannon,Langlands,20384848,No docente
Fabiano,Devers,20583982,No docente
Darcy,Pearn,47430897,Docente
Nanice,Twinbourne,29406388,No docente
Elfrida,Hackforth,20311898,No docente
Edwin,Boomes,24511053,No docente
Benedicto,Vasilyev,57258911,Docente
Emelyne,Dene,38245376,No docente
Colet,McLoney,51335102,Docente
Milty,Siege,43504392,No docente
Aron,Starton,31865680,No docente
Jenn,Arrowsmith,24946609,No docente
Alair,Pfeifer,57142237,Docente
Vidovik,McNeely,41063850,No docente
Curran,Ovendon,29986157,No docente
Neale,Bugge,49185955,Docente
Kassia,Splain,42362800,No docente
Englebert,Becket,28178749,No docente
Moria,Crellim,39788419,No docente
Kata,Askam,38199444,No docente
Stanislas,Hamstead,49545064,Docente
Lora,Lemon,54852031,Docente
Kenon,Daouze,43298920,No docente
Cole,Papworth,56109816,Docente
Corri,Rikel,44161928,No docente
Hestia,Martinuzzi,28054896,No docente
Nickolas,Casewell,31434552,No docente
Sue,De Santos,58014753,Docente
Corri,Castiglione,23412569,No docente
Worden,Cawthorne,46418809,Docente
Kipper,Copping,45918192,Docente
Noellyn,Branche,25324345,No docente
Keith,Slym,53830945,Docente
Frasquito,Lesaunier,38874921,No docente
Belvia,Dunrige,30842729,No docente
Nils,Stileman,56824653,Docente
Prudence,Catchpole,58779627,Docente
Masha,Alloisi,54492735,Docente
Tracee,Trott,48777303,Docente
Norman,Saylor,39330905,No docente
Maurizia,Shilvock,29346958,No docente
Lottie,Williment,31213195,No docente
Benjamen,Kerwin,54654864,Docente
Rowena,Callicott,26509132,No docente
Maris,Evins,49181312,Docente
Nealson,Livock,35231009,No docente
Ethelred,McGinty,33833922,No docente
Donaugh,Buddle,39390496,No docente
Jarred,Sherwyn,41700437,No docente
Ruthi,Yerby,42120357,No docente
Bernardo,Grzelak,55262342,Docente
Mendel,Tilt,37830025,No docente
Felicio,Cotherill,48659757,Docente
Gonzales,Gatus,35544083,No docente
Glynda,Garment,57879361,Docente
Alfie,Fossitt,43826455,No docente
Patti,Greenman,49002749,Docente
Corella,Petrecz,41994919,No docente
Gilbertina,Graddell,38745091,No docente
Tremain,Macro,29332993,No docente
Klarika,McGarrity,48342553,Docente
Barnett,Vahl,40122483,No docente
Bellina,Grendon,58064626,Docente
Gina,Isley,31750417,No docente
Shel,Navein,44208304,No docente
Jillie,Rielly,52532734,Docente
Devinne,Dudliston,38499241,No docente
Hannah,Kunzler,45645481,Docente
Katherine,Coope,37801335,No docente
Veronique,Trevorrow,30028809,No docente
Lynnett,Churchman,39751733,No docente
Wallace,Devote,25964018,No docente
Fabian,Hallybone,43902970,No docente
Coletta,Howle,29714809,No docente
Octavius,Stote,32815269,No docente
Kala,Robinett,33880025,No docente
Morgan,Beininck,24597212,No docente
Michael,Meader,50806310,Docente
Celestine,Patriche,58784498,Docente
Hedvig,Grimmett,40307871,No docente
Rebeka,Jickells,36087298,No docente
Trevor,Laskey,52533385,Docente
Madison,Pursey,28329031,No docente
Nesta,Gerault,38599389,No docente
Corena,Tabour,32018263,No docente
Eyde,Water,22941120,No docente
Corrinne,Poynor,43907458,No docente
Isa,Matteo,21222230,No docente
Hy,Simm,42907707,No docente
Sheela,Cloke,23796357,No docente
Clevie,Dutt,53104000,Docente
Brocky,Fairs,41707600,No docente
Sam,Row,41835194,No docente
Devin,McKinless,32977389,No docente
Brewster,McCathay,32396738,No docente
Norry,Mathissen,42225070,No docente
Gunter,Heaps,35377902,No docente
Alain,Haysom,32615542,No docente
Koralle,Cicchitello,22448028,No docente
Wendye,Collin,20501355,No docente
Sonnie,Lewendon,48240584,Docente
Tan,McInally,44782741,No docente
Sinclair,Manuaud,57436698,Docente
Jerad,Caldeyroux,59230860,Docente
Dun,Prantoni,43648104,No docente
Will,Faircliff,44220317,No docente
Grete,Tudgay,33969098,No docente
Modesta,Legister,28880556,No docente
Bernete,Overill,28227780,No docente
Hayyim,Olivari,42205298,No docente
Bogey,Lecount,47679410,Docente
Anabal,O'Sculley,58735686,Docente
Mike,Guillem,36084050,No docente
Elisabet,Dumphreys,25179979,No docente
Adriana,Butrimovich,33346979,No docente
Teresina,Hewins,52078003,Docente
Tibold,Kennet,32076871,No docente
Neile,Sheldrake,41523086,No docente
Eugen,Girardey,41962999,No docente
Minni,Siggs,56014823,Docente
Jolene,Cudbertson,39751866,No docente
Dennie,Bengtsen,43795119,No docente
Perry,Jaegar,50408111,Docente
Donall,Walas,20803737,No docente
Roxine,Stilgoe,58160983,Docente
Bonni,Revitt,45919918,Docente
Alia,Shaylor,20693489,No docente
Adrien,Boffin,33474998,No docente
Waldo,Raymont,35420361,No docente
Kimberlee,Narramore,51083190,Docente
Hieronymus,Sommerly,49831810,Docente
Susie,Crush,22053024,No docente
Deedee,Foyster,30429458,No docente
Zebulen,Novkovic,59306616,Docente
Farand,Rudram,25058029,No docente
Denny,Gillbanks,32109147,No docente
Reinald,Schulter,32891338,No docente
Pearl,Piggins,30349814,No docente
Devin,Corstorphine,35848371,No docente
Jeanette,Hassent,32367852,No docente
Eldridge,Maletratt,56579602,Docente
Lorraine,Gotobed,33527053,No docente
Larissa,Yarrington,23622452,No docente
Joyce,Camilli,23815413,No docente
Julieta,Westhead,24585493,No docente
Aguste,Marvelley,28934148,No docente
Brannon,Ellcock,34195327,No docente
Pris,Sally,53656140,Docente
Elisabet,Dodwell,59669565,Docente
Corinne,Harwin,26066405,No docente
Eran,Toon,57278632,Docente
Beckie,Bulgen,46015370,Docente
Andrea,Le Brom,41242936,No docente
Isaac,Tench,49425875,Docente
Clementia,Roddell,35927135,No docente
Herta,Appleby,34014736,No docente
Vassily,Swalteridge,21510900,No docente
Myrta,Jillitt,20401436,No docente
Dania,Gehringer,52335541,Docente
Liz,Sparshutt,28700698,No docente
Barris,Daviot,30227404,No docente
Beilul,Carden,59901351,Docente
Ibrahim,Cosely,24317669,No docente
Colline,Lambrick,54415264,Docente
Phyllis,Andreotti,45482126,Docente
Maurita,Killick,27438510,No docente
Carolan,Nuccitelli,52829454,Docente
Tricia,Martina,33350285,No docente
Aurelia,Jardine,34396831,No docente
Holden,Weiss,29827894,No docente
Bryan,Katte,24166714,No docente
Kira,Giannassi,56737040,Docente
Carri,Lehr,46145816,Docente
Nickolai,Pattrick,42382532,No docente
Kilian,Tease,48066990,Docente
Fairleigh,Peasegod,47127773,Docente
Shalom,Ragge,21720660,No docente
Muffin,Jewise,53167451,Docente
Neale,Kennefick,57292161,Docente
Myer,Mauvin,49275329,Docente
Lorette,MacKibbon,41975405,No docente
Chelsae,Wrangle,45167072,Docente
Prince,Swatheridge,21774383,No docente
Gustaf,Letherbury,48544513,Docente
Les,Maddinon,52398059,Docente
Chadwick,Espadero,26086352,No docente
Ahmad,Polland,30945030,No docente
Athena,Measey,27387445,No docente
Kipper,Folbigg,49513382,Docente
Kasey,Penvarne,48691142,Docente
Lilia,Branch,36067762,No docente
Ermengarde,MacPhee,45776976,Docente
Pearle,Mor,28297757,No docente
Lazar,Weigh,59263763,Docente
Audrye,Dedenham,21862040,No docente
Rosie,Scargle,56679775,Docente
Zollie,MacDermand,29681620,No docente
Cathee,Beetles,57778576,Docente
Denyse,Denzey,33643091,No docente
Beau,Lamperd,41939771,No docente
Mayer,Lower,51529470,Docente
Rosanne,Ritzman,53772316,Docente
Hailee,Bussons,38584265,No docente
Madelena,Glencrosche,33864049,No docente
Debi,Haliburn,58817123,Docente
Laryssa,MacCafferky,47035821,Docente
Nahum,Haseman,58658159,Docente
Fritz,Duggary,21511846,No docente
Padgett,Pavlenkov,46191425,Docente
Lawrence,Burberow,22084464,No docente
Eileen,Woodyatt,35308190,No docente
Merrielle,Romero,20950101,No docente
Russ,Campes,47422334,Docente
Katlin,Skoggings,40830534,No docente
Sallyann,Kubas,51112742,Docente
Juliet,Eastwell,40459867,No docente
Edin,Armin,25332963,No docente
Twyla,Sommers,26523985,No docente
Wileen,Caltera,37186167,No docente
Giacinta,Infante,29524152,No docente
Wrennie,Dominy,48518429,Docente
Sonia,Cobbled,21145633,No docente
Fania,Dimmack,38284687,No docente
Garry,Gotecliffe,49957315,Docente
Wyatt,Mailey,24260402,No docente
Stacee,Badrick,54336135,Docente
Toiboid,Oliver-Paull,49962097,Docente
Averil,Lorenzo,29697086,No docente
Allsun,Mayell,34840785,No docente
Dulcea,Halleybone,52824533,Docente
Selle,Tolhurst,45528713,Docente
Corey,Vahl,51096747,Docente
Rayshell,Rickett,30551231,No docente
Eirena,Resun,22147382,No docente
Cleavland,Kimmince,36741835,No docente
Alissa,Daelman,30760141,No docente
Giffy,Hearty,25509739,No docente
Krysta,Dyers,54127383,Docente
Sloan,Ovise,48257787,Docente
Isidora,Seeman,23553002,No docente
Arvie,Dowrey,42054644,No docente
Ethelbert,Drinkhall,57861114,Docente
Adham,Inglefield,22021440,No docente
Donaugh,Arrol,38404202,No docente
Margaux,Ferraretto,31491636,No docente
Frederica,Ciottoi,33154837,No docente
Konstanze,Harman,39379236,No docente
Shermie,Crudge,38481061,No docente
Clarinda,Landor,37066935,No docente
Leonelle,Chomley,36899961,No docente
Julianne,Meade,29448396,No docente
Marcello,Rickard,47022707,Docente
Honoria,Jonke,25660426,No docente
Ruperta,Biddell,37617405,No docente
Bat,Loins,21419198,No docente
Faydra,Lackey,31775029,No docente
Beatrice,Shropsheir,51693398,Docente
Cindra,Pitkins,25731177,No docente
Jules,Ludman,31860719,No docente
Michell,Archdeckne,46857108,Docente
Umberto,Crosskill,55614960,Docente
Merla,Eager,20312737,No docente
Jacenta,Culpin,39353364,No docente
Trula,Nurdin,22652093,No docente
Rubi,Upsale,34571043,No docente
Fredia,Trowbridge,45782472,Docente
Vaclav,Delgua,54485042,Docente
Margaretta,Gillopp,38202465,No docente
Udale,Tax,42021174,No docente
Trever,Shimon,38829464,No docente
Guenna,Woodfin,22732286,No docente
Gerick,Macia,51961078,Docente
Wendy,Rowley,44633477,No docente
Codie,Macilhench,44488348,No docente
Barbra,Donaway,40677095,No docente
Corbin,Waddams,24564757,No docente
Jocko,Musslewhite,33935915,No docente
Robbin,Morrowe,39071167,No docente
Vickie,Stiggers,56973766,Docente
Roderich,Priestnall,54523082,Docente
Livvie,Franzen,51486395,Docente
Gleda,Dwyer,23875238,No docente
Chelsae,Barnham,44339806,No docente
Florella,Dinkin,33047705,No docente
Adaline,Leavy,24583507,No docente
Barrett,Vanyarkin,39922305,No docente
Riki,Bourbon,31966422,No docente
Park,Moiser,57853932,Docente
Algernon,Rivers,53377374,Docente
Danit,Thornbarrow,28726986,No docente
Mufinella,Tames,28085883,No docente
Armand,Gribbon,36108896,No docente
Yehudit,Beeson,55607962,Docente
Jakie,Sellick,34388215,No docente
Uriah,Acarson,35814648,No docente
Marylynne,Newcombe,56902543,Docente
Tandy,Mansbridge,22524003,No docente
Ludovika,Esseby,54362422,Docente
Yvon,Boots,48999940,Docente
Chickie,Raggatt,30978861,No docente
Wilona,Ridding,45554956,Docente
Iosep,Kime,21871730,No docente
Debbi,Faragher,41256690,No docente
Michail,Elgey,25148018,No docente
Francisco,Arrighetti,57857474,Docente
Sebastien,Craigie,27384565,No docente
Hewe,Thresh,49316944,Docente
Mayne,Dunphy,48552924,Docente
Granger,Rabson,36423167,No docente
Brynne,Michelet,48989505,Docente
Ruperto,Berthelet,37727746,No docente
Hallie,Condy,39436658,No docente
Mariska,Mardlin,30625262,No docente
Morgan,Yakov,45585894,Docente
Hamlen,Colerick,21502921,No docente
Butch,Noli,33607478,No docente
Teriann,Habberjam,37827047,No docente
Bettina,Muirhead,22888745,No docente
Charis,Patterfield,51703734,Docente
Cilka,Callis,47595582,Docente
Kailey,Craydon,54809346,Docente
Berne,MacCostye,43305179,No docente
Noni,Sigge,52634056,Docente
Korry,Bigley,44036636,No docente
Gaylene,Priver,35366141,No docente
Jania,Magog,43043508,No docente
Candace,Klishin,56647290,Docente
Mickey,Scutt,33756406,No docente
Dari,Couch,31191804,No docente
Banky,Margerrison,31299900,No docente
Dael,Gillaspy,39163398,No docente
Gasparo,O'Lagene,37492301,No docente
Gwenore,Middas,47269150,Docente
Liva,Cuming,50285056,Docente
Sheila,Fenning,56199673,Docente
Aguistin,Deinert,24207012,No docente
Mair,Ridde,46772509,Docente
Ernaline,Napoleone,52297318,Docente
Georgie,Strass,22933295,No docente
Robina,Rucklidge,59082864,Docente
Gilbert,Brookesbie,23484029,No docente
Deny,Ringe,23509117,No docente
Desi,Picot,54499501,Docente
Letizia,Kopacek,35017627,No docente
Gwenette,Caw,54236436,Docente
Muffin,Batcock,45059435,Docente
Fedora,Mantrip,35730314,No docente
Waring,Callen,41693561,No docente
Delilah,Harwell,46016726,Docente
Maximilian,Portigall,49062652,Docente
Kyrstin,Allcock,49815580,Docente
Mavra,Renals,49726648,Docente
Koenraad,Leverette,54427290,Docente
Dyane,Sunley,30068010,No docente
Scott,Wixey,35672256,No docente
Thekla,Lemmen,29654429,No docente
Annabell,Bessant,41383450,No docente
Falito,Daviddi,29650853,No docente
Ketti,Alessandrini,44322041,No docente
Rona,Spolton,54587459,Docente
Zackariah,Entwisle,23621625,No docente
Raphael,Frarey,36696695,No docente
Zeke,Letchford,21994984,No docente
Padraig,Orhrt,26509090,No docente
Adiana,Pillifant,42977928,No docente
Lorene,Heindl,49476741,Docente
Aubree,Ivankovic,54194686,Docente
Lainey,Bradie,49154811,Docente
Wilhelm,Jeffress,37890221,No docente
Clarence,Blything,36201513,No docente
Elsa,Strain,46257892,Docente
Kincaid,Curwen,51324777,Docente
Louisa,Chittock,51156436,Docente
Farica,Shrieve,54725588,Docente
Agathe,Castanie,23066231,No docente
Ralina,Gourley,25533227,No docente
Myrlene,Behr,33478069,No docente
Essie,Swaffield,33891755,No docente
Tammy,Bountiff,42487678,No docente
Ashly,Selburn,54398970,Docente
Everett,Sheringham,53543570,Docente
Sharai,Doblin,50681324,Docente
Jolee,Garrud,56630546,Docente
Jodie,Laba,36431776,No docente
Almeta,De Benedetti,32971208,No docente
Domenic,Knewstubb,30186460,No docente
Jolynn,Mangenot,34624999,No docente
Irina,Hedditeh,32486184,No docente
Kimberli,Slogrove,59013549,Docente
Fons,Lyes,58000390,Docente
Odette,Sawers,46710119,Docente
Huntington,Toolan,57006747,Docente
Menard,Children,23552036,No docente
Cyb,Lune,41320517,No docente
Vernon,Sproson,44013154,No docente
Leoline,Doick,47011612,Docente
Merrili,Zaniolini,20866644,No docente
Arnold,Gossling,28631238,No docente
Zelma,Nisius,42813376,No docente
Aurel,Backes,29534625,No docente
Pippy,Rohmer,42371116,No docente
Donovan,Gehrts,54506645,Docente
Alysa,Prisk,29184777,No docente
Whitman,Fillon,27273604,No docente
Sollie,Wannell,33946928,No docente
Neal,Pietruszka,49416570,Docente
Margarita,Peaden,38444105,No docente
Timmie,Osgordby,39626064,No docente
Maisey,Lescop,27154524,No docente
Ferne,Rodenborch,32513912,No docente
Dolly,Blakemore,28051679,No docente
Marleen,Acarson,47478258,Docente
Celine,Jenken,43554679,No docente
Vernor,Swayton,41401121,No docente
Kai,Cliburn,26851824,No docente
Normand,Yell,30630311,No docente
Tom,Darby,30201724,No docente
Minne,D'Almeida,25408941,No docente
Goober,Roskelley,26804143,No docente
Teodora,Bottelstone,53913967,Docente
Sisely,Cowlard,39753112,No docente
Meggie,Rudham,22980023,No docente
Tynan,Febre,44649747,No docente
Mickie,Blain,42048563,No docente
Claribel,Linnock,47823271,Docente
Mathias,Wildin,46152463,Docente
Ryon,Headon,31832634,No docente
Garfield,Pickering,50832282,Docente
Aprilette,Tumber,54619040,Docente
Erena,Shelsher,42787613,No docente
Kinsley,Muris,50191690,Docente
Eadie,Souten,34097076,No docente
Gerrie,Josey,28337689,No docente
Gib,Christol,22347143,No docente
Sherline,Lisciandri,59236327,Docente
Martie,Buxam,22843566,No docente
Shalna,Peddie,54968855,Docente
Dov,Norbury,31170812,No docente
Martie,Gaize,36181009,No docente
Tab,Bediss,52648874,Docente
Ethelind,Dimmock,58578910,Docente
Gardy,Acory,56417164,Docente
Issiah,McClunaghan,48647473,Docente
Franny,Oxtiby,41052693,No docente
Selig,Boissier,42709650,No docente
Ranee,Isgar,46965470,Docente
Torin,Eddicott,36282660,No docente
Leona,Cawte,22230091,No docente
Quinlan,Hoopper,32069514,No docente
Donelle,Hartfleet,45432127,Docente
Odelia,Maffei,42837162,No docente
Kamila,Dripps,27052343,No docente
Tabatha,Goudy,30011745,No docente
Tucky,Boone,54895321,Docente
Marylinda,Hugett,43422684,No docente
Giuseppe,Collomosse,57330603,Docente
Fern,Abrahamowitcz,57252503,Docente
Isabelita,Goldsberry,25246324,No docente
Maire,Feechum,34758591,No docente
Maddie,Maystone,23049384,No docente
Adlai,Bitten,21622099,No docente
Ava,Sebyer,39262729,No docente
Eben,O'Donnell,51373307,Docente
Etty,Kesteven,34655714,No docente
Leif,Slayny,54426826,Docente
Steffie,Follen,32054783,No docente
Amaleta,de Copeman,47872202,Docente
Armstrong,Jepp,44150741,No docente
Connie,Benge,56999261,Docente
Irene,Hartwright,29303313,No docente
Kameko,Orringe,24135613,No docente
Jorrie,Tomalin,45186011,Docente
Gae,Slany,48147366,Docente
Minetta,Kynston,20476646,No docente
Lyon,Reck,59825142,Docente
Gerrie,Levermore,49543277,Docente
Georgeanne,Saur,41375522,No docente
Cody,MacCaffrey,20350634,No docente
Sayre,Sabater,40871546,No docente
Maurizia,Kiddey,23428733,No docente
Holt,Caulkett,39235018,No docente
Waldemar,Bodd,55404891,Docente
Sosanna,Danniell,26614142,No docente
Penni,Mordacai,25827709,No docente
Chip,Robberts,39355230,No docente
Emlyn,Le Brun,31992330,No docente
Merrick,Kneeshaw,35522525,No docente
Sauncho,Windham,50377109,Docente
Kamila,Varran,29235549,No docente
Esdras,Bassford,25167437,No docente
Giuditta,Larchier,22253736,No docente
Beryle,Melia,42517850,No docente
Bernardo,Hoston,59747467,Docente
Florence,Aggus,46473472,Docente
Ailene,Darnbrough,20797444,No docente
Gerrard,Karczinski,41530704,No docente
Oberon,Woolens,33392816,No docente
Roxy,Scothorn,59891822,Docente
Maudie,Stennings,45718911,Docente
Bertram,Woodfin,40027212,No docente
Rona,Luparto,20479597,No docente
Noak,Schole,43505168,No docente
Herc,Ferneyhough,55828193,Docente
Winne,Staining,54395424,Docente
Maurizio,Costard,52851333,Docente
Hayyim,Webberley,53945751,Docente
Margit,Varah,31999959,No docente
Beitris,Wyvill,24942341,No docente
Arabelle,Geikie,24289305,No docente
Micaela,Bonelle,25508196,No docente
Gibb,Bradborne,50101969,Docente
Tarrah,Cornelleau,22453178,No docente
Constance,Poulston,58157009,Docente
Cortney,Compford,26191842,No docente
Lauretta,Hallett,32031076,No docente
Maje,Glasscock,24924460,No docente
Markos,Crewdson,50788714,Docente
Germana,Orchart,25466833,No docente
Tull,Ghilks,20719466,No docente
Alfonse,Gouly,56628963,Docente
Talya,Saberton,51520772,Docente
Asher,Dunthorne,25720043,No docente
Harlene,Kunkel,40845730,No docente
Reinaldos,Jeandeau,49373470,Docente
Israel,Fairnie,25316060,No docente
Car,Goldes,45648353,Docente
Basia,Sherburn,20175994,No docente
Hermy,Camili,34799129,No docente
Arthur,Tace,27247915,No docente
Tressa,Gater,28113304,No docente
Bobbye,Kingsland,32300681,No docente
Pearl,Fossitt,40709860,No docente
Alida,Rowley,46027611,Docente
Willi,Willard,58452601,Docente
Theodora,Bibb,24864554,No docente
Jerri,Nunnery,37169373,No docente
Irita,Stilling,58613588,Docente
Tiebold,Edess,36887194,No docente
Kleon,Bosson,23647092,No docente
Sherry,Philpin,44296597,No docente
Amalita,Kirsop,35682884,No docente
Atlante,Werlock,43378595,No docente
Paolina,Shelborne,20857034,No docente
Liva,McCrackan,32568434,No docente
Kane,Melmar,48208063,Docente
Orin,Proffitt,24294664,No docente
Talya,Albon,38431930,No docente
Britt,Denness,25357034,No docente
Staford,Marquis,23964499,No docente
Udall,Marsland,21785219,No docente
Antonie,Pilling,49748710,Docente
Karlene,Mertel,46156716,Docente
Cully,Tolumello,24138943,No docente
Gene,Gair,29133605,No docente
Renato,Corpe,38944886,No docente
Molli,Seagrave,33687815,No docente
Constancy,Santo,27464314,No docente
Drew,Adiscot,32787801,No docente
Elsey,Sneden,40788818,No docente
Christabel,Kenworthy,54543106,Docente
Yolanthe,Colisbe,36163403,No docente
Oliviero,Bantock,29148526,No docente
Brockie,Flynn,21296202,No docente
Ariel,Lathwell,43066256,No docente
Muffin,Brobak,45383875,Docente
Shea,Brooksby,54426039,Docente
Eduardo,Schapero,35311123,No docente
Mitzi,Perle,50653169,Docente
Perry,Tippings,33940174,No docente
Jack,Hagland,45567496,Docente
Amalle,Priestland,23211995,No docente
Dorthy,Capitano,32835502,No docente
Colby,MacIlhargy,29546921,No docente
Bren,Couchman,55788484,Docente
Odilia,Van Weedenburg,38689437,No docente
Blinnie,Di Domenico,31790991,No docente
Gideon,Magog,24816942,No docente
Dorothea,Cobbe,22453159,No docente
Shelley,Blant,28147754,No docente
Margarita,Glazzard,26140519,No docente
Westbrooke,Moreno,59708794,Docente
Allayne,Hastie,52015966,Docente
Jammal,Shaddick,43972435,No docente
Bing,McGhee,27673712,No docente
Mathias,Bariball,38338918,No docente
Tildi,Savell,20272098,No docente
Lilia,Colmore,29422714,No docente
Cordula,Bread,29069862,No docente
Rand,Elmhirst,57819328,Docente
Kissie,Dundendale,56366357,Docente
Berk,Quaife,41036626,No docente
Pepi,Ekless,59241178,Docente
Joshuah,Puve,23283208,No docente
Lizabeth,Vanes,32999611,No docente
Ted,Bamlett,59160789,Docente
Harriett,Coutts,57858538,Docente
Sinclair,Clemes,59375911,Docente
Priscilla,Coard,32897969,No docente
Bartel,Tomlin,37131809,No docente
Loralee,Wrotham,34275257,No docente
Drusie,Lightwood,54410530,Docente
Merilee,Dacres,48815095,Docente
Granny,Rosenau,51650764,Docente
Skippie,Gerold,57765617,Docente
Gideon,Canadas,54558947,Docente
Titus,Hughlock,56699536,Docente
Dorree,Mendus,42979882,No docente
Christian,Raff,57459158,Docente
Finley,Daskiewicz,37100699,No docente
Codi,Dun,44692678,No docente
Agnesse,Rolinson,57977811,Docente
Alistair,Normant,24881737,No docente
Starlin,Mathe,28090700,No docente
Killian,Edds,57775558,Docente
Tome,Whitlaw,54177210,Docente
Datha,Sellack,53408527,Docente
Adiana,Troyes,37490088,No docente
Frazier,Burnard,39193241,No docente
Amber,Collet,31590824,No docente
Ivan,Wilsher,55518103,Docente
Earlie,Wilson,56880842,Docente
Jerrie,Ashbe,26159534,No docente
Saul,Fish,56851711,Docente
Drusi,McColm,29130418,No docente
Wallis,Josephy,46462622,Docente
Mateo,Duck,29015049,No docente
Sidney,Inglish,42821597,No docente
Berkly,Engeham,39789389,No docente
Shell,Treversh,23866005,No docente
Jacquenetta,Warlton,53903220,Docente
Kamilah,Curtis,58493936,Docente
Moises,Rubie,58395365,Docente
Dierdre,Colles,22164357,No docente
Iggie,Rickeard,32814115,No docente
Lazar,Claybourne,35751831,No docente
Homerus,Hamby,53872523,Docente
Phelia,Enser,29296003,No docente
Glen,Folkerts,57220264,Docente
Jedd,Tomczykowski,45063524,Docente
Casper,Simo,25176267,No docente
Ad,Davall,54418152,Docente
Winona,Barnfather,23407463,No docente
Donnell,Bilofsky,53585477,Docente
Ward,Calabry,21936778,No docente
Kipp,Stripling,40758324,No docente
Emmeline,Duffin,33078687,No docente
Violante,Bullcock,51518645,Docente
Vivianne,O'Monahan,42174688,No docente
Bud,Conville,21013349,No docente
Chlo,Popplestone,31458744,No docente
Trev,Reihm,50044279,Docente
Dorisa,Laughtisse,31224002,No docente
Ulick,Gye,24462383,No docente
