id_tobuy,name,author,career,status
1,Little Murders,Corri Jerson,12,comprado
2,"Yoo-Hoo, Mrs. Goldberg",Rowena Nerney,11,pendiente
3,"Walk in the Sun, A",Maddy Jozefiak,5,pendiente
4,Dinosaurs: A Fun Filled Trip Back in Time,Sherman Mc Giffin,21,pendiente
5,"Cowboys, The",Hedwig Powers,2,pendiente
6,Hiding Out,Tine Gillease,4,pendiente
7,"Missing Person, The",Auria Rignall,27,pendiente
8,Youth Without Youth,Janie Keats,20,pendiente
9,Welcome to Sherwood! The Story of 'The Adventures of Robin Hood',Shaw Spiaggia,8,pendiente
10,Comet,Darnell O'Sharkey,11,pendiente
11,Rocketship X-M,Mikey Risso,32,pendiente
12,Samson and Delilah,Lavinia Ritmeier,1,pendiente
13,Out for a Kill,Melamie Cubberley,19,pendiente
14,George Washington Slept Here,Dennie Getten,28,pendiente
15,Tiresia,Lindie Druitt,7,pendiente
16,Poseidon,Rourke Loxdale,13,pendiente
17,Remember the Night,Phoebe Cornwall,33,pendiente
18,Keeping Up with the Steins,Jarrett Trewhella,1,pendiente
19,Centurion,Aubrie Jaulmes,15,pendiente
20,Shark in Venice,Mendie Hammon,19,pendiente
21,Street People,Bent Lindeman,7,pendiente
22,Play Motel,Finn Mattam,26,pendiente
23,Stay as You Are,Jonell Ridoutt,36,pendiente
24,Anatahan,Culley De Rechter,9,pendiente
25,"Hobbit, The",Mersey De Winton,34,pendiente
26,"Circle, The (Dayereh)",Emmery Walicki,24,pendiente
27,Dog Nail Clipper (Koirankynnenleikkaaja),Feodora Camier,22,pendiente
28,Kiss the Bride,Perkin Sutherington,14,pendiente
29,"Tsatsiki, Morsan och Polisen",Simon Rocks,17,pendiente
30,Quatermass 2 (Enemy from Space),Mag Braidley,30,pendiente
31,'Salem's Lot,Huberto Kirkbride,23,pendiente
32,"Fixer, The",Loralyn Hoff,12,pendiente
33,"Serbian Film, A (Srpski film)",Eduino Curwen,8,pendiente
34,3 Ninjas Knuckle Up,Joey Cavil,23,pendiente
35,Great Expectations,Timofei Frugier,34,pendiente
36,"Hot Spot, The",Sigismundo Cobbledick,31,pendiente
37,Einstein and Eddington,Jobyna Wimes,19,pendiente
38,The Package,Tobe Metzing,32,pendiente
39,September,Hakim Willoughby,21,pendiente
40,Kariera Nikosia Dyzmy,Ricki Eede,34,pendiente
41,George Washington Slept Here,Jaquenette Bignell,7,pendiente
42,"Shape of Things to Come, The",Bekki Klaas,26,pendiente
43,Apartment Zero,Swen MacClenan,16,pendiente
44,Brides of Dracula,Reiko Dimmock,7,pendiente
45,Frankenstein,Adela Jellings,35,pendiente
46,Dragon Ball: The Path to Power (Doragon bôru: Saikyô e no michi),Rozina Philps,5,pendiente
47,"Chechahcos, The",Susannah Derill,11,pendiente
48,"Great Muppet Caper, The",Ivonne Keasy,8,pendiente
49,"Poseidon Adventure, The",Filia Van Geffen,22,pendiente
50,"Bakery Girl of Monceau, The (La boulangère de Monceau)",Morton Derye-Barrett,28,pendiente
51,"Oath, The",Palmer Jenkin,28,pendiente
52,Moon Child,Monro Cargen,15,pendiente
53,Double Happiness,Ilise Gianolini,8,pendiente
54,Alone in the Wilderness,Minnie Pavitt,18,pendiente
55,How to Survive a Plague,Shandie Brende,32,pendiente
56,Barefoot in the Park,Davine Gilchriest,16,pendiente
57,Corn on the Cop,Minta Ambresin,32,pendiente
58,Instrument,Clerkclaude Aizikowitz,19,pendiente
59,Getting to Know You,Normie Adshead,22,pendiente
60,Train of Shadows (Tren de sombras),Cy Francis,10,pendiente
61,"Touch of Class, A",Keri Longhorne,6,pendiente
62,Anonymous,Whitney Nutbeem,2,pendiente
63,Chastity Bites,Eleanore Sanchis,14,pendiente
64,Article 99,Krispin Rowth,8,pendiente
65,Sense and Sensibility,Carlyle O'Teague,34,pendiente
66,Where's Marlowe?,Ashbey Leonardi,35,pendiente
67,"Desperados, The",Koo Nelhams,14,pendiente
68,Close My Eyes,Isabelita Mooreed,24,pendiente
69,Cousin cousine,Keriann Croisdall,36,pendiente
70,Which Way Is Up?,Osmund Mathevet,29,pendiente
71,"Shoot First, Die Later",Gregoor Baroch,17,pendiente
72,Never Met Picasso,Miriam Hallows,17,pendiente
73,Soloalbum,Lexi Derdes,27,pendiente
74,"Human Experience, The",Leandra Sheber,6,pendiente
75,Taxi Hunter (Di shi pan guan),Danie Sansom,20,pendiente
76,Anguish (Angustia),Moyna Yurocjhin,10,pendiente
77,Sacro GRA,Dawna Teare,2,pendiente
78,Bluebeard,Nadine Flippini,14,pendiente
79,Pulp Fiction,Andriette Haverson,4,pendiente
80,Shades of Ray,Kristofor Cokly,13,pendiente
81,Decoys,Alberik Cullivan,9,pendiente
82,"Ramen Girl, The",Em Westfield,9,pendiente
83,Mysterious Mr. Moto,Minne Pettendrich,9,pendiente
84,"Noordzee, Texas (North Sea Texas)",Emlen Worling,5,pendiente
85,Brick Mansions,Shaylynn Elesander,20,pendiente
86,Virginia's Run,Clerkclaude Nickols,28,pendiente
87,"Paris, Texas",Christyna Chatelot,6,comprado
88,Solyaris,Angie Orum,6,pendiente
89,Gettysburg,Sergent Gudger,2,pendiente
90,Godzilla vs. Megalon (Gojira tai Megaro),Geoffrey Batrop,26,pendiente
91,They Call Me Bruce? (a.k.a. A Fistful of Chopsticks),Phillida Clapston,17,pendiente
92,"Cold Light of Day, The",Cobby Vinsen,24,pendiente
93,Calling Dr. Gillespie,Krystal Cattell,29,pendiente
94,Timeline,Hastie Meatyard,6,pendiente
95,A Grain of Truth,Janet Jozsef,18,pendiente
96,Husbands,Hunt Bugden,12,pendiente
97,Drummer-Crab (Le Crabe-Tambour),Drucie Rodwell,11,pendiente
98,"Dogwalker, The",Elna Eddie,21,pendiente
99,Batch '81,Rosco Klainer,29,pendiente
100,Mighty Morphin Power Rangers: The Movie,Kassandra Glennon,1,pendiente
101,"Frogmen, The",Hillie Manie,8,pendiente
102,Superstar: The Karen Carpenter Story,Clemence Worham,33,pendiente
103,Synchromy,Lonnie Moorman,4,pendiente
104,Tender Comrade,Vaughn Farbrace,22,pendiente
105,Kid Cannabis,Adrien Coddington,1,pendiente
106,Stingray Sam,Gerard Rarity,10,pendiente
107,Every Other Weekend (Un week-end sur deux),Zorah Jakuszewski,33,pendiente
108,Restrepo,Cchaddie Keywood,13,pendiente
109,Hillbillys in a Haunted House,Konrad Paolazzi,6,pendiente
110,Lathe of Heaven,Cordelie Yoakley,12,pendiente
111,Jason X,Jacquelin Lumsdale,33,pendiente
112,Hoodoo Ann,Giorgio Crilly,33,pendiente
113,Xtro 3: Watch the Skies,Arleen Alexandersson,7,pendiente
114,Dolls,Cal Dalzell,31,pendiente
115,Bhowani Junction,Skipp Kunzel,5,pendiente
116,Mortal Kombat: Annihilation,Dedie Borrett,2,pendiente
117,Head Over Heels,Sidoney De Blase,14,pendiente
118,Bob & Carol & Ted & Alice,Rupert Synnot,7,pendiente
119,"Lawless, The",Ryley Drayn,12,pendiente
120,"Baader Meinhof Komplex, Der",Shandy Haynes,3,pendiente
121,Nobody Walks,Carver Crankshaw,7,pendiente
122,What to Expect When You're Expecting,Martino Willis,12,pendiente
123,Satan's Blood (Escalofrío),Lauretta Runchman,20,pendiente
124,Elena Undone,Regan Zimek,3,pendiente
125,Her Highness and the Bellboy,Temp Dunderdale,10,pendiente
126,Secret Window,Marianna Granger,14,pendiente
127,Asterix and the Vikings (Astérix et les Vikings),Agnese Grouen,29,pendiente
128,Lights Out,Amalie Jacobi,17,pendiente
129,"Hunt For Gollum, The",Caldwell Letts,34,pendiente
130,Lions For Lambs,Lynett Gommey,1,pendiente
131,Being There,Kienan Kinset,14,pendiente
132,Revenge of the Nerds,Townie Girodon,5,pendiente
133,"Cathedral, The (Katedra)",Xenia Sterre,21,pendiente
134,Card Subject To Change,Gussie Helm,18,pendiente
135,Eye See You (D-Tox),Myer Sinisbury,27,pendiente
136,"Three Marias, The (Três Marias, As)",Hershel Roaf,31,pendiente
137,Grumpy Cat's Worst Christmas Ever,Nanette Camsey,27,pendiente
138,Conceiving Ada,Osgood Hughlock,16,pendiente
139,Distant Thunder,Hanson Adkins,26,pendiente
140,"Son of Monte Cristo, The",Cymbre Basset,30,pendiente
141,"Circle, The (Dayereh)",Udell Guilder,29,pendiente
142,Nothing But the Night,Rosabelle D'Alesco,36,pendiente
143,"Split, The",Granger Clink,29,pendiente
144,Dragon Ball Z: Bio-Broly (Doragon bôru Z 11: Sûpâ senshi gekiha! Katsu no wa ore da),Becca MacConnulty,36,pendiente
145,Half Moon (a.k.a. Niwemang),Jannel Mahaddie,13,pendiente
146,Diamond Girl,Demetra Poag,10,pendiente
147,Zeitgeist: The Movie,Verene Beckinsall,10,pendiente
148,Last Call at the Oasis,Archy Castellucci,11,pendiente
149,Donovan's Reef,Boycie Silverman,36,pendiente
150,"Man of My Life, The (L'homme de sa vie)",Del Northcliffe,17,pendiente
151,Ronin,Kitty Pannett,28,pendiente
152,Montana,Emmott Haseman,4,pendiente
153,Windstruck (Nae yeojachingureul sogae habnida),Kylen Buller,30,pendiente
154,"Candidate, The",Burk Di Francecshi,31,pendiente
155,Afflicted,Maressa Daughtry,16,pendiente
156,Beware of a Holy Whore (Warnung vor einer heiligen Nutte),Berkeley Colbertson,20,pendiente
157,"Red Elvis, The (Der rote Elvis)",Jordana Dungay,20,pendiente
158,"Endurance: Shackleton's Legendary Antarctic Expedition, The",Lynea Hurton,26,pendiente
159,My Way to Olympia (Mein Weg nach Olympia),Shelagh Bosket,7,pendiente
160,Jack Frost,Izzy Welbourn,36,pendiente
161,Earth Days,Heather Frantz,28,pendiente
162,Pioneer (Pionér),Clement Cocci,17,pendiente
163,Take Care of My Cat (Goyangileul butaghae),Fanni Ludewig,35,pendiente
164,Tokyo Joe,Sondra Dowdle,22,pendiente
165,Jesus Christ Superstar,Ogden Monk,27,pendiente
166,John Tucker Must Die,Hermia Yorath,30,pendiente
167,Heaven's Gate,Diannne Cullon,17,pendiente
168,"Silence, The (Tystnaden)",Charmane Mercer,18,pendiente
169,Herbie Goes to Monte Carlo,Hinda Coraini,20,pendiente
170,When Love Is Not Enough: The Lois Wilson Story,Gaelan Monni,35,pendiente
171,Il Capitano,Audrye Brockie,2,pendiente
172,Futurama: Bender's Game,Codi Gurdon,20,comprado
173,"Exercice de l'État, L'",Leshia O' Reagan,26,pendiente
174,Big Girls Don't Cry (Große Mädchen weinen nicht),Tallie Gilphillan,7,pendiente
175,"Ruling Class, The",See Bohlens,22,pendiente
176,Aankhen,Ange Rowbrey,26,pendiente
177,Thirteen,Winnie Paladino,9,pendiente
178,"Brown Bunny, The",Johnnie Hinkensen,35,pendiente
179,Galaxy Express 999 (Ginga tetsudô Three-Nine),Brandy Whitebrook,14,pendiente
180,Shadow Puppets,Ezekiel Currin,31,pendiente
181,Thawing Out (La fonte des neiges) ,Chevalier Beckensall,24,pendiente
182,Some Like It Hot,Aksel De Francesco,31,pendiente
183,Lauderdale (a.k.a. Spring Break USA) (a.k.a. Spring Fever USA),Lissie Brogioni,27,pendiente
184,Simon Sez,Marquita MacKeever,26,pendiente
185,Blood from the Mummy's Tomb,Humfrid Tremontana,20,pendiente
186,"Maltese Falcon, The (a.k.a. Dangerous Female)",Daile Harkins,2,pendiente
187,I Remember (Eu Me Lembro),Tobiah Kramer,18,pendiente
188,American Friends,Costanza Snodin,33,pendiente
189,Lines: Horizontal,Casper Dafforne,24,pendiente
190,I Hate Valentine's Day,Annecorinne Leveridge,19,pendiente
191,Mannequin 2: On the Move,Adolpho Fielder,30,pendiente
192,Julian Po,Gail Crippen,11,pendiente
193,"Devil and Daniel Webster, The (All That Money Can Buy)",Flem Shewry,12,pendiente
194,"Soldier's Plaything, A",Willi Nijssen,35,pendiente
195,"Public Eye, The",Lorrin Baggallay,13,pendiente
196,Boomerang,Syman Antyukhin,25,pendiente
197,Unexpected,Karlotta Robertsson,27,pendiente
198,"Damned, The (La Caduta degli dei)",Art Stranaghan,8,pendiente
199,Borgman,Rebeca Viscovi,13,pendiente
200,"Witches, The (aka Devil's Own, The)",Zedekiah Danick,7,pendiente
201,Flowers in the Attic,Daveta Ronisch,16,pendiente
202,Archangel,Burt Highman,10,pendiente
203,"Greatest Love, The (Europa '51)",Hamlin Kendle,21,pendiente
204,China Moon,Starr Hoffner,17,pendiente
205,Nadja,Abraham Goward,24,pendiente
206,Lincoln,Staford Bogart,19,pendiente
207,"Source, The",Tracey Gonnet,12,pendiente
208,"Internet's Own Boy: The Story of Aaron Swartz, The",Gannon Caughan,10,pendiente
209,All Mine to Give,Farlie Lyle,33,pendiente
210,Shadows of Liberty ,Bernette Thornthwaite,27,pendiente
211,Che: Part One,Katherine Early,15,pendiente
212,Romance on the High Seas,Adam Roblou,9,pendiente
213,Seraphim Falls,Hugibert Colbourn,29,pendiente
214,Dream Land,Nat Sayre,7,pendiente
215,"Hard Way, The",Colby Zoane,19,pendiente
216,Shoppen ,Edlin Huygen,21,pendiente
217,Fuck,Dasie Boyce,14,pendiente
218,Amityville II: The Possession,Darrin Standall,25,pendiente
219,"Bikini Carwash Company, The",Bern Macieiczyk,23,pendiente
220,High Road to China,Kiel Orrick,19,pendiente
221,Private Lessons (Élève libre),Estrella Machans,10,pendiente
222,The Grump,Katusha Stormonth,6,pendiente
223,"Suitor, The (Soupirant, Le)",Kirbie Akker,27,pendiente
224,"Dentist, The",Samantha Tease,20,pendiente
225,"Paris, I Love You (Paris, je t'aime)",Fritz Lerven,4,pendiente
226,"Noah's Arc Principle, The (Arche Noah Prinzip, Das)",Farlay Mattielli,20,pendiente
227,War of the Dead - Stone's War ,Fabiano Adlington,17,pendiente
228,K-PAX,Erena Chave,9,pendiente
229,Losing Isaiah,Moses Craise,18,pendiente
230,Thoughtcrimes,Sarah Slowcock,30,pendiente
231,Never a Dull Moment,Lorrie Knappitt,3,pendiente
232,Lola (Twinky) (London Affair),Minna Dresser,9,pendiente
233,Better Than Sex,Enrique Wilde,16,pendiente
234,"Ear, The (Ucho)",Lexis Stancer,22,pendiente
235,Lianna,Patrizius Morcomb,5,pendiente
236,Singles,Etta Cantwell,29,pendiente
237,"Pillow Book, The",Anett Mapledorum,21,pendiente
238,DarkWolf,Fitz Curtain,33,pendiente
239,Caught,Eveleen Gorman,18,pendiente
240,Black Robe,Merrielle Strewthers,21,pendiente
241,Flashdance,Marshall Sheer,10,pendiente
242,Disraeli,Maggee Houltham,23,pendiente
243,Just Write,Ashlin Struther,14,pendiente
244,Cochochi,Burtie Pratton,32,pendiente
245,Megiddo: The Omega Code 2,Gayelord McGlew,20,comprado
246,Cabin Fever,Clair Moehle,27,pendiente
247,Save the Date,Jamey Donkersley,24,pendiente
248,Ana and the Others (Ana y los otros),Biron Pearse,14,pendiente
249,The Vengeance of Fu Manchu,Cammi O'Shevlan,4,pendiente
250,Theremin: An Electronic Odyssey,Revkah Bissiker,28,pendiente
251,Things Behind the Sun,Terese Lotte,18,pendiente
252,Jupiter's Wife,Marcello Yeiles,27,pendiente
253,Vibes,Helen-elizabeth Grinyer,14,pendiente
254,Dead Like Me: Life After Death,Jeremie Colbourne,3,pendiente
255,That Forsyte Woman,Verine Lassetter,22,pendiente
256,Gideon's Army,Josey Pifford,28,pendiente
257,Du côté de la côte,Ivor Savine,25,pendiente
258,Tortured,Weston Franzini,5,pendiente
259,"Great Train Robbery, The (a.k.a. First Great Train Robbery, The)",Rois Wontner,22,pendiente
260,Elsa & Fred,Marie-jeanne Flaws,35,pendiente
261,Big Bad Wolf,Wald Tott,22,pendiente
262,"Verdict, The",Damiano Kevern,1,pendiente
263,Dr. Ehrlich's Magic Bullet,Blaire Bilney,27,pendiente
264,"Accidental Tourist, The",Suzann Cardew,21,pendiente
265,Aladdin,Hilary Rustadge,28,pendiente
266,European Vacation (aka National Lampoon's European Vacation),Katie Krystof,22,pendiente
267,Stiff Upper Lips,Arluene Matveyev,29,pendiente
268,Star Wars: Episode V - The Empire Strikes Back,Elisabeth Pavett,7,pendiente
269,Shaolin Temple 2: Kids from Shaolin (Shao Lin xiao zi) (Kids from Shaolin),Breanne Youings,22,pendiente
270,"Desert of Forbidden Art, The",Algernon Saw,16,pendiente
271,Burden of Dreams,Maurine Grainge,27,pendiente
272,West of Zanzibar,Marmaduke MacInnes,35,pendiente
273,My Kidnapper,Phillie Cavalier,5,pendiente
274,Catacombs,Morgan Elion,19,pendiente
275,Stranger than Fiction,Maryanna Sinderland,5,pendiente
276,"Patriot, The",Trixy Thatcher,25,pendiente
277,Come Blow Your Horn,Lutero Le land,25,pendiente
278,"Milwaukee, Minnesota",Cassi Mattioni,8,pendiente
279,What We Did on Our Holiday,Erich Kirley,3,pendiente
280,Big Girls Don't Cry (Große Mädchen weinen nicht),Gabbey Elvy,7,pendiente
281,Food Stamped,Porter Leithgoe,2,pendiente
282,Landscape with a Woman (Zena s krajolikom),Thibaud Radage,26,pendiente
283,W.,Thibaut Driver,19,pendiente
284,Cross Creek,Betsey Westphal,8,pendiente
285,"Eye Above the Well, The (Het oog boven de put)",Gena Kalkofer,12,pendiente
286,"Facing Windows (Finestra di fronte, La)",Robinson Clapp,27,pendiente
287,"List of Adrian Messenger, The",Abey Nutkin,34,pendiente
288,Concussion,Beth Scotson,5,pendiente
289,"Assassination (Ansatsu) (Assassination, The) (Assassin, The)",Burr Farncombe,6,pendiente
290,Nosferatu the Vampyre (Nosferatu: Phantom der Nacht),Frasier Godart,27,pendiente
291,Gifted Hands: The Ben Carson Story,Jandy Risen,2,pendiente
292,Lassie,Ahmad Straneo,17,pendiente
293,WWII IN HD,Giulietta Gotthard,18,pendiente
294,Accidents Happen,Koralle Lobe,13,pendiente
295,"Shepherd: Border Patrol, The",Garnet Hogsden,33,pendiente
296,"Cranes Are Flying, The (Letyat zhuravli)",Gerry D'Cruze,30,pendiente
297,Paranoia Agent,Minni Bradd,16,pendiente
298,Offside,Idelle Nevinson,18,pendiente
299,Frances Ha,Margit Dods,5,pendiente
300,Possessed (Besat),Devlin O'Henery,33,pendiente
301,Kings of the Sun,Celeste Muncey,32,pendiente
302,Sabotage,Calli Tellenbach,27,pendiente
303,Village of the Giants,Nico Dominichelli,30,pendiente
304,Elvis and Anabelle,Matti Scaife,11,pendiente
305,"Glenn, the Flying Robot",Cammy Edelston,24,pendiente
306,Constantine's Sword,Gusty Fellgatt,3,pendiente
307,"Condemned, The",Eleonora Allberry,11,pendiente
308,Women Robbers (Diebinnen),Delila Trittam,9,pendiente
309,Play,Regine Danihelka,15,pendiente
310,Baraka,Cassi Oseland,8,pendiente
311,Loaded,Torie Matzen,17,pendiente
312,Alone in the Dark,Marsiella Wenman,8,pendiente
313,Black Knight,Wilfred Bullivent,26,pendiente
314,"O Brother, Where Art Thou?",Anne-marie Rosser,30,comprado
315,Amen,Eben Letixier,6,pendiente
316,Tyler Perry's I Can Do Bad All by Myself,Standford McSkeagan,3,pendiente
317,"Gospel, The",Neddy Chestney,25,pendiente
318,Uncle Buck,Hortense Pinsent,35,pendiente
319,Dog Soldiers,Dyanna Van Merwe,11,pendiente
320,"Most Beautiful, The (Ichiban utsukushiku)",Lelia Coe,3,pendiente
321,Earth,Augustus Lugden,20,pendiente
322,Brokeback Mountain,Katy Pinney,34,pendiente
323,Tyson,Flinn Menco,4,pendiente
324,Rosario Tijeras,Aleksandr Mallindine,21,pendiente
325,"Circle, The",Virgilio Kehoe,2,pendiente
326,"Chosen One, The",Janetta Ughi,34,pendiente
327,"Burning Bed, The",Venus Battams,9,pendiente
328,Tibet: Cry of the Snow Lion,Abie Burde,34,pendiente
329,"Spook Who Sat by the Door, The",Lief Meharg,33,pendiente
330,Bass Ackwards,Koressa Vigietti,15,pendiente
331,American Hustle,Antonin Baythrop,26,pendiente
332,"Sum of Us, The",Van Savin,8,pendiente
333,Orpheus (Orphée),Peri Feldheim,25,pendiente
334,"Hamiltons, The",Adi McEvay,6,pendiente
335,"Horse Whisperer, The",Karney Warnes,23,pendiente
336,800 Bullets (800 Balas),Fawnia Harwood,12,pendiente
337,"M. Hulot’s Holiday (Mr. Hulot's Holiday) (Vacances de Monsieur Hulot, Les)",Veradis Phillps,7,pendiente
338,Ollie Hopnoodle's Haven of Bliss,Hillel Crooks,34,pendiente
339,In Search of a Midnight Kiss,Beau Baudy,33,pendiente
340,Slave Ship,Helga Creed,10,pendiente
341,"Girl, Positive",Ivar Fairy,23,pendiente
342,Flipper,Aleda MacKellen,24,pendiente
343,"Stickup, The",Giorgio Mintram,4,pendiente
344,Creation,Jerrine Worthy,17,pendiente
345,"Family Jewels, The (Eierdiebe)",Kennan Schwandt,20,pendiente
346,Alone in the Dark II,Brock Gartenfeld,32,pendiente
347,Up the River,Phyllida Bilovus,23,pendiente
348,Invasion of the Body Snatchers,Shanon Wickie,23,pendiente
349,Get Carter,Lona Sylett,19,pendiente
350,Night Catches Us,Hamil Ledgister,32,pendiente
351,9 1/2 Weeks (Nine 1/2 Weeks),Goran Line,19,pendiente
352,"Loss of a Teardrop Diamond, The",Talia Brightling,3,pendiente
353,Fiend Without a Face,Christoffer Hutcheon,4,pendiente
354,Corridors of Blood,Ella Pemberton,22,pendiente
355,Scandali nudi,Aili Pentecust,30,pendiente
356,Lone Wolf and Cub: Baby Cart to Hades (Kozure Ôkami: Shinikazeni mukau ubaguruma),Annabella McIlrath,9,pendiente
357,The Ghost Story of Oiwa's Spirit,Sephira Murrhardt,12,pendiente
358,Harry and Tonto,Bertram Assad,25,pendiente
359,Daleks' Invasion Earth: 2150 A.D.,Scott Glacken,34,pendiente
360,Star Wars: Threads of Destiny,Augustine Piatkow,2,pendiente
361,"Hollow Crown, The",Andros Fenech,26,pendiente
362,"Ditchdigger's Daughters, The",Flori Sutcliff,6,pendiente
363,Mystery of the 13th Guest,Clemmy Clover,22,pendiente
364,Khumba,Gabby Trill,8,pendiente
365,Latter Days,Petey Bellino,18,pendiente
366,"Trials of Darryl Hunt, The",Neill Badrick,27,pendiente
367,Camouflage (Barwy ochronne),Corey Greenhalf,18,pendiente
368,Batman Returns,Nat Betteney,13,pendiente
369,"Naked Spur, The",Esra Archibold,22,pendiente
370,Alice in Wonderland,Alys Rattry,27,pendiente
371,Tangled,Duncan Buske,8,pendiente
372,Stella Dallas,Agnese Denge,23,pendiente
373,Dry Cleaning (Nettoyage à sec),Bryan Plane,10,pendiente
374,Night of the Living Dead,Esme Hoppner,9,pendiente
375,"Boys, The",Gretna Hegges,27,pendiente
376,Take the Lead,Florencia Barstow,1,pendiente
377,"World Is Not Enough, The",Jillana Yellowlea,1,pendiente
378,Manny & Lo,Ambros Gouch,16,pendiente
379,Homer & Eddie,Marybelle Iannitti,33,pendiente
380,Legend,Bran Primrose,24,pendiente
381,Running With Scissors,Viole Bruneau,7,pendiente
382,Cause for Alarm!,Renelle Biesty,32,pendiente
383,"Beauty and the Beast (Belle et la bête, La)",Buiron Ortzen,12,pendiente
384,Blood Work,Kriste Oolahan,8,pendiente
385,U2 3D,Rickie Necrews,25,pendiente
386,"Inner Life of Martin Frost, The",Cullen Yushmanov,2,pendiente
387,Country Strong,Shaylyn Balleine,32,pendiente
388,Moloch (Molokh),Doe Edmundson,9,pendiente
389,Someone's Gaze,Amby Grey,20,pendiente
390,Walk Like a Man,Dwayne Halfhyde,34,pendiente
391,"Call of the Wild, The",Jobyna Risborough,36,pendiente
392,"Notebook, The (A nagy füzet)",Magdalene Lowdeane,14,pendiente
393,Go Figure (Va savoir),Maggy Koba,25,pendiente
394,"Me, Myself & Irene",Janeen Scrivin,36,pendiente
395,Sex and the City 2,Codi Lanfranchi,29,pendiente
396,What If... (An...),Kayla Hawksby,4,pendiente
397,"Little Shop of Horrors, The",Martie Espley,13,comprado
398,Onegin,Esdras Briffett,6,pendiente
399,"Edward, My Son",Barnard Parkyns,26,pendiente
400,Dr. No,Darcie Deegan,17,pendiente
401,"Wedding Date, The",Min Needs,24,pendiente
402,Posse,Jaynell Dairton,13,pendiente
403,"Night Train Murders (Last Stop on the Night Train) (Ultimo treno della notte, L')",Rubie Steffens,24,pendiente
404,Pull My Daisy,Teddy Cheyne,36,pendiente
405,Nadine,Laurella Marien,1,pendiente
406,Clash of the Titans,Papagena Spuner,8,pendiente
407,"Cowboy Way, The",Angelo Keerl,14,pendiente
408,Tyler Perry's The Family That Preys,Aindrea Gandley,10,pendiente
409,"Wild Hunt, The",Hersch McMeyler,14,pendiente
410,Breakheart Pass,Meghan Wandless,5,pendiente
411,Red Line 7000,Gaile Bastock,34,pendiente
412,Detention of the Dead,Colver Kelwaybamber,24,pendiente
413,Karlsson on the Roof,Xaviera Mager,12,pendiente
414,All the Right Moves,Melinde Oldfield,10,pendiente
415,Kummeli Stories,Irina Gilligan,12,pendiente
416,"Decameron, The (Decameron, Il)",Horst Braam,3,pendiente
417,"Departed, The",Bambi Malinowski,23,pendiente
418,Shifty,Elmer Abels,23,pendiente
419,"King of Marvin Gardens, The",Daron Evason,17,pendiente
420,This Thing With Sarah,Kary Jansa,24,pendiente
421,"Blue Light, The (Blaue Licht, Das)",Nessa Vell,17,pendiente
422,Molly Maxwell,Yehudi Sweedy,5,pendiente
423,Lower City (Cidade Baixa),Royal Olpin,9,pendiente
424,It's My Party,Kacy Stean,18,pendiente
425,Just Friends,Caroline Freund,30,pendiente
426,Z,Juli Fehely,8,pendiente
427,Chef,Silvio Burrass,22,pendiente
428,Ursul,Hubey Pluthero,20,pendiente
429,Rogue,Guendolen Vasishchev,31,pendiente
430,Sun Wind (Aurinkotuuli),Denney Tolworthie,25,pendiente
431,She Creature (Mermaid Chronicles Part 1: She Creature),Elsey Donnan,31,pendiente
432,Beautiful,Melessa Grene,26,pendiente
433,American Drug War: The Last White Hope,Stesha Satterlee,19,pendiente
434,Same Same But Different,Enrichetta Lindholm,3,pendiente
435,Necessary Roughness,Hershel Heckle,23,pendiente
436,Sicko,Skell McLleese,4,pendiente
437,Fatty Drives the Bus,Desmond Longden,29,pendiente
438,"Lost Skeleton Returns Again, The",Malia Brookwood,2,pendiente
439,7 Dwarves: The Forest Is Not Enough,Gaye Dunstan,12,pendiente
440,"Buona Sera, Mrs. Campbell",Davina Wermerling,15,pendiente
441,Personal Property,Heinrick Marsie,5,pendiente
442,Dear John,Cal Oxenham,16,pendiente
443,"2 Fast 2 Furious (Fast and the Furious 2, The)",Delmore Rackstraw,32,pendiente
444,"Mystic Masseur, The",Celinka Gonzales,5,pendiente
445,100 Men and a Girl (One Hundred Men and a Girl),Karlee O'Regan,26,pendiente
446,Nicholas Nickleby,Keen Kobpa,3,pendiente
447,Rabbit Hole,Giustino Langlois,26,pendiente
448,Mar Baum,Booth Durber,30,pendiente
449,DysFunktional Family,Aurthur Amos,12,pendiente
450,"Taming of the Shrew, The",Shanna Rivitt,12,comprado
451,Extreme Movie,Pall Farnan,9,pendiente
452,The Inhabited Island 2: Rebellion,Heddie Bonallick,6,pendiente
453,"Film Unfinished, A (Shtikat Haarchion)",Traci Denman,18,pendiente
454,God Is Brazilian (Deus É Brasileiro),Coletta Gorrie,15,pendiente
455,#chicagoGirl: The Social Network Takes on a Dictator,Audra Burgot,31,pendiente
456,Pepe,Christabella Gutowski,16,pendiente
457,"Living Room of the Nation, The (Kansakunnan olohuone)",Inga Dyshart,22,pendiente
458,"Asphyx, The",Melantha Cheyney,10,pendiente
459,Sherlock Holmes: Dressed to Kill,Kelcy Jullian,2,pendiente
460,Rebel Without a Cause,Chaim Pendreigh,12,pendiente
461,Pin...,Francisca Haselup,7,pendiente
462,Boogie-Doodle,Priscella Lackner,36,pendiente
463,Rusty Knife (Sabita naifu),Sada Vertigan,15,pendiente
464,Wild Target,Bern Bourgaize,8,pendiente
465,"Perfect Human, The (Perfekte Menneske, Det)",Anestassia McCunn,29,pendiente
466,Shadows,Kalli Tilt,36,pendiente
467,But Forever in My Mind,Dael Pylkynyton,14,pendiente
468,Which Way Home,Danyette Kaine,30,pendiente
469,Fired Up,Georas Pointer,14,pendiente
470,"Corporation, The",Susana Guerrin,11,pendiente
471,There's a Girl in My Soup,Merle Midghall,2,pendiente
472,The Gamers,Carroll Izod,33,pendiente
473,"Downfall (Untergang, Der)",Allayne Capps,7,pendiente
474,Mean Streets,Laurel Lyttle,15,pendiente
475,All Relative,Nowell Stolworthy,29,pendiente
476,"Five Obstructions, The (Fem benspænd, De)",Gordon Kitcatt,34,pendiente
477,Dogfight,Milty Clapton,24,pendiente
478,The Nutcracker Prince,Kean Wickham,28,pendiente
479,Birds of America,Chantalle Morffew,29,pendiente
480,Johnny Was,Nessy Al Hirsi,34,pendiente
481,Mighty Aphrodite,Bonita Breinlein,4,pendiente
482,"2 Fast 2 Furious (Fast and the Furious 2, The)",Rubin Marlor,24,pendiente
483,Head Over Heels (De Pernas pro Ar),Vladimir Evett,22,pendiente
484,Mega Piranha,Ardis Alexandre,14,pendiente
485,Charley Varrick,Robina Atwel,35,pendiente
486,"New Kind of Love, A",Sandro Mizen,3,pendiente
487,Hanging Up,Shurwood Melledy,2,pendiente
488,Happythankyoumoreplease,Louisa Emmitt,15,pendiente
489,"Zero Theorem, The",Gordie Dybell,27,pendiente
490,I Shot a Man in Vegas,Adelina Darycott,23,pendiente
491,Johnny Be Good,Court Rasor,26,pendiente
492,"Secret Policeman's Other Ball, The",Devon Packman,21,pendiente
493,Spine Tingler!  The William Castle Story,Currey Cowthard,19,pendiente
494,"Brighter Summer Day, A (Gu ling jie shao nian sha ren shi jian)",Kari Mathewson,13,pendiente
495,"Not for or Against (Quite the Contrary) (Ni pour, ni contre (bien au contraire))",Ollie Potkin,5,pendiente
496,"Scarecrow, The",Ardisj Windram,1,pendiente
497,Altiplano,Addie Davidzon,30,pendiente
498,Hum Tum,Ingaborg Rate,20,pendiente
499,"Cry of the Owl, The",Thedric Cheng,22,pendiente
500,Dr. Dolittle: Tail to the Chief,Octavia Lowman,28,pendiente
501,Vivacious Lady,Malchy O'Sharkey,23,pendiente
502,High Tension (Haute tension) (Switchblade Romance),Orelie Tappin,5,pendiente
503,Contagion / Bio Slime,Robinet Dowdam,29,pendiente
504,Gasland Part II,Jocelin Fellibrand,23,pendiente
505,Blackthorn,Rosie Scullion,21,pendiente
506,Asfalto,Karlee Lynde,23,pendiente
507,"Perfume of the Lady in Black, The (Il profumo della signora in nero)",Shandy Casino,4,pendiente
508,Carmen,Adeline Slatten,8,pendiente
509,Night Train,Morgen Bowller,1,pendiente
510,"Beast Must Die, The",Kelcy Mapother,28,pendiente
511,"Cairo Station (a.k.a. Iron Gate, The) (Bab el hadid)",Harp Giacoboni,18,pendiente
512,Ghost Dad,Petronella Gregorace,36,pendiente
513,Love (Szerelem),Angelia Salliss,26,pendiente
514,Firestorm,Shelia Abdon,31,pendiente
515,"Final Destination, The (Final Destination 4) (Final Destination in 3-D, The)",Olly Benoix,1,pendiente
516,"Green Mile, The",Mariquilla Wrist,12,pendiente
517,Crimes of Fashion,Sarajane Burgisi,29,pendiente
518,For Whom the Bell Tolls,Bronson Leitche,36,pendiente
519,"Runner, The (Davandeh)",Yardley Bushrod,23,pendiente
520,Gone Nutty,Carola Ratt,12,pendiente
521,"Cure, The",Rustin Keston,2,pendiente
522,Inadequate People (Neadekvatnye lyudi),Osmund Amerighi,22,pendiente
523,Battle in Seattle,Norrie Francois,11,pendiente
524,Left Behind: World at War,Heriberto Dreghorn,13,pendiente
525,Signs,Sheelah Drinan,14,pendiente
526,Pinocchio,Brucie Ellins,18,pendiente
527,"Well Spent Life, A",Martita Blaxlande,4,comprado
528,Sins,Haily Streatfield,18,pendiente
529,This Is Elvis,Starlin Trenam,29,pendiente
530,The Hire: Ticker,Tootsie Goodbar,16,pendiente
531,"Cheap Detective, The",Harold Dinnis,20,pendiente
532,Loving Leah,Frederigo Siely,29,pendiente
533,"Dunce Class on Vacation, The (Hababam sinifi tatilde)",Josephine Colhoun,21,pendiente
534,Iron Jawed Angels,Eben Merrywether,22,pendiente
535,Here and Elsewhere,Nappy Beaford,26,pendiente
536,Home from the Hill,Ree La Wille,28,pendiente
537,Bonjour tristesse,Stanislas Woodruff,3,pendiente
538,Forget Paris,Cordie Revill,30,pendiente
539,Nowhere in Africa (Nirgendwo in Afrika),Vanda Massimo,31,pendiente
540,Godzilla's Revenge (Gojira-Minira-Gabara: Oru Kaijû Daishingeki) (All Monsters Attack),Harlan Skully,29,pendiente
541,Elizabethtown,Estele McKeaveney,36,pendiente
542,"Muppet Movie, The",Dareen Cullen,6,pendiente
543,Gone Fishin',Leah Blagburn,14,pendiente
544,Addams Family Reunion,Elberta Doonican,19,pendiente
545,Fido,Jerrylee Alldred,29,pendiente
546,The Forgotten Woman,Tate Dochon,23,pendiente
547,To Live and Die in L.A.,Read Emma,19,pendiente
548,Battle Hymn,Rolando Troake,5,pendiente
549,Whistling in Brooklyn,Adrian Minguet,29,pendiente
550,"Comebacks, The",Adda Hanaby,27,pendiente
551,Living with Michael Jackson,Conny Kahn,34,pendiente
552,Primary,Eliza Tissell,3,pendiente
553,Khumba,Jaclyn Francescoccio,34,pendiente
554,Spooky House,Herold Concannon,1,pendiente
555,Fallen Angel,Joyous Trobey,15,pendiente
556,Until September,Coleen Schuelcke,21,pendiente
557,"Guns of Fort Petticoat, The",Kipper Unwins,4,pendiente
558,Cobb,Blancha Kielt,26,pendiente
559,Floating,Natalee Bathow,36,pendiente
560,Barbary Coast,Eberto Late,32,pendiente
561,My Neighbors the Yamadas (Hôhokekyo tonari no Yamada-kun),Bette Kewley,18,pendiente
562,Jungle de Ikou (Jungre de Ikou),Mildred Measey,7,pendiente
563,Perfect Sense,Guillermo Surmeyers,24,pendiente
564,The Encounter,Robin Milnes,20,pendiente
565,Joshua,Shelagh Bierman,2,pendiente
566,If I Were You (Se Eu Fosse Você),Mala Alleyne,1,pendiente
567,Donkey Punch,Tabbitha Squelch,26,pendiente
568,Growth,Kort Brechin,27,pendiente
569,Rich Hill,Ulric Plant,2,pendiente
570,I'm Starting From Three (Ricomincio da Tre),Munmro Dominighi,15,pendiente
571,Carmen,Madonna MacLleese,22,pendiente
572,Earth to Echo,Gordy Eadmead,22,pendiente
573,"Two Days, One Night (Deux jours, une nuit)",Shaylyn Lydster,21,pendiente
574,Escape to Athena,Charity Manuel,36,pendiente
575,Holiday in Handcuffs,Corinne Caillou,7,pendiente
576,Living with Michael Jackson,Nevsa Warren,31,pendiente
577,Ironclad,Helen-elizabeth Foxon,13,pendiente
578,Big Shot's Funeral (Da Wan),Marcile Aldwich,14,pendiente
579,Funny Lady,Ilsa Jouning,5,pendiente
580,Kingsman: The Secret Service,Burgess Doore,15,pendiente
581,Unstoppable,Gayleen Kinnoch,9,pendiente
582,Antoine and Colette (Antoine et Colette),Creight Idle,18,pendiente
583,Jonah Hex,Boone Shegog,2,pendiente
584,Human Failure (Menschliches Versagen),Hakim Szymczyk,14,pendiente
585,Somm,Ailyn Moreinu,22,pendiente
586,Bed of Roses,Torey McGoldrick,35,pendiente
587,Werewolf of London,Iormina Dalling,3,pendiente
588,"Lone Ranger, The",Allan Toffler,32,pendiente
589,And Now a Word from Our Sponsor,Clement House,13,pendiente
590,Water-mirror of Granada,Garvy Beckinsall,7,pendiente
591,Chicken Run,Enid Kiggel,15,pendiente
592,Requiem for a Heavyweight,Zonda Murkitt,12,pendiente
593,Nick Offerman: American Ham,Lorilee Brisland,15,pendiente
594,Wind,Evangelia Cuardall,20,pendiente
595,The Day That Lasted 21 Years,Quentin Acuna,22,pendiente
596,Wizards,Shani Maulkin,29,pendiente
597,Peter and Vandy,Norbert Matterface,18,pendiente
598,Monsters vs. Aliens,Lindy Spinas,25,pendiente
599,"County Teacher, The (Venkovský ucitel)",Jefferey Darnbrough,34,pendiente
600,My Sister's Keeper,Abagael Quye,36,pendiente
601,Perfectly Normal,Shae Esterbrook,3,pendiente
602,"Samaritan, The",Mandel Angrock,6,pendiente
603,SS Camp 5: Women's Hell (SS Lager 5: L'inferno delle donne),Augusto Candy,15,pendiente
604,One Deadly Summer (L'été meurtrier),Thea Hilley,30,pendiente
605,"Driller Killer, The",Jerrylee Lethcoe,13,pendiente
606,Kounterfeit,Chere Walster,32,pendiente
607,Notorious C.H.O.,Morie Tyhurst,23,pendiente
608,"Anthropophagus: The Grim Reaper (Antropophagus) (Man Beast) (Savage Island, The) (Zombie's Rage, The)",Teddie Horlick,1,comprado
609,Big Wednesday,Artus Champ,22,pendiente
610,"Better Place, A",Tod Mixhel,3,pendiente
611,Thomas Pynchon: A Journey into the Mind of P.,Lynnell England,32,pendiente
612,Wasabi,Meaghan Thompkins,22,pendiente
613,"Batman: The Dark Knight Returns, Part 1",Ikey Shekle,10,pendiente
614,Non-Stop,Hyacinthe Fullagar,28,pendiente
615,"Juror, The",Virginia Hune,19,pendiente
616,They Came Back (Les Revenants),Stu Dewdney,32,pendiente
617,Aziz Ansari: Live at Madison Square Garden,Jayne Sterre,10,pendiente
618,"Wings of Eagles, The",Ericka Vasyukhnov,4,pendiente
619,Swimming to Cambodia,Ardisj Goodding,35,pendiente
620,"Ballad of Nessie, The",Betsy Tieman,5,pendiente
621,Children of Hiroshima (Gembaku no ko),Ciel Longina,16,pendiente
622,"Best of Youth, The (La meglio gioventù)",Ealasaid Easton,14,pendiente
623,Goodbye World,Rachele Rodgerson,22,pendiente
624,Letter Never Sent (Neotpravlennoye pismo),Lebbie Fardon,13,pendiente
625,Shutter,Roderich Diggin,9,pendiente
626,Bad Karma,Sandy Bertie,23,pendiente
627,Sh! The Octopus,Chrissie Antonoyev,6,pendiente
628,Touching the Void,Gabriellia De Bischop,20,pendiente
629,Father and Guns (De père en flic),Virgina Sweetlove,6,pendiente
630,Silk Stockings,Templeton Urian,1,pendiente
631,"Crocodile Hunter: Collision Course, The",Renee Monan,22,pendiente
632,If Winter Comes,Cointon Janowicz,20,pendiente
633,River of No Return,Danya Whitaker,27,pendiente
634,Futuresport,Bartolemo Lambis,25,pendiente
635,Zelig,Jerrilee Kennicott,7,pendiente
636,Priest,Roma Cicchelli,35,pendiente
637,Dead Men Don't Wear Plaid,Lorrayne O'Logan,17,pendiente
638,We Bought a Zoo,Dilan Copyn,26,pendiente
639,Roustabout,Gardner Symes,4,pendiente
640,Just a Kiss,Herve Ingyon,5,pendiente
641,Gamera vs. Gyaos (Daikaijû kûchûsen: Gamera tai Gyaosu),Mei Kingswood,31,pendiente
642,Karlsson Brothers (Bröderna Karlsson),Alasdair Londesborough,9,pendiente
643,George Washington,Ariana Heatherington,19,pendiente
644,Impudent Girl (L'effrontée),Giraldo Oakey,3,pendiente
645,Dementia 13,Carlynne Ancliffe,15,pendiente
646,"Classe Tous Risques (Big Risk, The)",Leah Izkovicz,5,pendiente
647,After Alice (Eye of the Killer),Griffie Tennock,3,pendiente
648,"Rocks (Rad, Das)",Braden Motton,3,pendiente
649,State of Play,Nixie Minors,15,pendiente
650,Reel Rock 8 ,Antonina Brundale,33,pendiente
651,Casino Royale,Kathryn Duncklee,28,pendiente
652,Du côté de la côte,Callida Giacobo,29,pendiente
653,Don't Change Your Husband,Arne Poynser,31,pendiente
654,"Last Mimzy, The",John Penhall,30,pendiente
655,Full of It,Sophey Pfeffle,21,pendiente
656,"Seeker: The Dark Is Rising, The",Calli Verma,17,pendiente
657,Exam,Dona Perrinchief,1,pendiente
658,Eye In The Sky (Gun chung),Kath Thorowgood,4,pendiente
659,Despair,Catharina Daelman,9,pendiente
660,Man of the World,Caron Trenam,4,pendiente
661,Blue Gold: World Water Wars,Kasper Baldick,1,pendiente
662,Mysterious Island,Yurik Worrall,29,pendiente
663,Metalstorm: The Destruction of Jared-Syn,Prinz Kleinhaus,22,pendiente
664,Wedlock,Tye Esland,12,pendiente
665,Invisible Stripes,Eydie Ranger,27,pendiente
666,Wings in the Dark,Vitoria Sprague,10,pendiente
667,Bringing Up Baby,Margret Everill,28,pendiente
668,"Month in the Country, A",Emmye Jozsef,6,pendiente
669,6 Desires: DH Lawrence and Sardinia,Frances Pumphrey,29,pendiente
670,Bringing Up Bobby,Wylie Baroc,21,pendiente
671,"Suicide Shop, The (Le magasin des suicides) ",Georgianne Eles,2,pendiente
672,"German Doctor, The (Wakolda)",Ester Buntine,27,pendiente
673,Hamlet,Trueman Gilffilland,28,pendiente
674,"Big Bang Theory, The (2007-)",Sherwynd Diglin,1,pendiente
675,Gilles' Wife (La femme de Gilles),Lexis Janicki,13,pendiente
676,Katyn,Kaela Burnsyde,17,pendiente
677,Two of a Kind,Pancho Smoote,23,pendiente
678,"Manta, Manta",Wilbert Allenby,28,pendiente
679,Funny Ha Ha,Simon Lowden,22,pendiente
680,Norbit,Barn Cudihy,18,pendiente
681,"Last Laugh, The (Letzte Mann, Der)",Minni Pendre,7,pendiente
682,Wheels on Meals (Kuai can che),Prescott Hartmann,13,pendiente
683,Tsotsi,Roderick Lancashire,1,pendiente
684,"Perfect Game, The",Arv Franc,11,pendiente
685,I Spy,Sheff Pollins,7,pendiente
686,Prey for Rock & Roll,Hetty Child,10,pendiente
687,Pekka ja Pätkä neekereinä,Hodge Doumer,15,comprado
688,Under the North Star (Täällä Pohjantähden alla),Lilian Terlinden,5,pendiente
689,Hardboiled Egg (Ovosodo),Filippa Matisse,7,pendiente
690,White Night Wedding (Brúðguminn),Alejandro Huguenet,21,pendiente
691,"General, The",Alana Manz,11,pendiente
692,"Bride of Frankenstein, The (Bride of Frankenstein)",Noellyn Borit,22,pendiente
693,She-Wolf of London,Harold Taree,30,pendiente
694,This Property is Condemned,Johnathan O'Sesnane,7,pendiente
695,My Way (Mai Wei),Ilsa Critoph,4,pendiente
696,"Angriest Man in Brooklyn, The",Sarge Woolf,21,pendiente
697,Caesar and Cleopatra,Helaine Van Zon,35,pendiente
698,But I'm a Cheerleader,Rosemonde Caddan,12,pendiente
699,Frogs for Snakes,Dara Mortimer,32,pendiente
700,"Gift, The",Ogdan Smylie,23,pendiente
701,Bandaged,Adler Beeck,10,pendiente
702,Once Upon a Forest,Jeanne Jarrad,7,pendiente
703,Comanche Moon,Domenic De Banke,4,pendiente
704,Glory Road,Aubrie Berzon,6,pendiente
705,Tooth Fairy,Gram Sempill,32,pendiente
706,Fanny and Alexander (Fanny och Alexander),Boycey Sexty,30,pendiente
707,Beyond the Lights,Marlo Northfield,23,pendiente
708,Smokin' Aces,Kimmy Killough,14,pendiente
709,"Tender Hook, The (Boxer and the Bombshell, The)",Tish Chmarny,18,pendiente
710,The Boogens,Sherwood Twyford,23,pendiente
711,Alexandria... Why? (Iskanderija... lih?),Cole Dennis,28,pendiente
712,Runaway Jury,Corly Camamill,9,pendiente
713,Tell No One (Ne le dis à personne),Ev Feldhammer,26,pendiente
714,Next Friday,Corrina Lanphere,17,pendiente
715,"I Are You, You Am Me (Tenkosei)",Natty Glynn,34,pendiente
716,Western Union,Farly Prozescky,15,pendiente
717,Li'l Quinquin,Regan Braben,19,pendiente
718,Gitmo,Chlo Francois,9,pendiente
719,"Acadia Acadia?!? (L'acadie, l'Acadie)",Lory Cord,28,pendiente
720,Jolene,Cynde Honatsch,4,pendiente
721,When We Leave (Die Fremde),Haskell Holt,35,pendiente
722,"Sea Wolf, The",Maible Paoli,13,pendiente
723,Jungle Holocaust (Ultimo mondo cannibale),Catie Dahlberg,29,pendiente
724,Two: The Story of Roman & Nyro,Ava Stronach,7,pendiente
725,Jew Süss (Jud Süß),Jdavie Whitchurch,29,pendiente
726,Heathers,Arnoldo MacIlwrick,23,pendiente
727,Tenure,Monah Solman,4,pendiente
728,"Witnesses, The (Les témoins)",Donnamarie Jessep,18,pendiente
729,Chouchou,Sloan Lavall,23,pendiente
730,Frenzy,Fedora Kearley,32,pendiente
731,Get Him to the Greek,Jayne Postlewhite,30,pendiente
732,Dragon: The Bruce Lee Story,Ethel Heberden,7,pendiente
733,She's All That,Ninetta Orchart,22,pendiente
734,Aaron Loves Angela,Florentia Volks,25,pendiente
735,This Girl's Life,Skippy Greatorex,33,pendiente
736,Eye of the Dolphin,Brigitta Shorto,3,pendiente
737,Out of the Clear Blue Sky,Letta Hasley,23,pendiente
738,Maradona by Kusturica,Pepillo Kaes,22,pendiente
739,"Die Is Cast, The (La suerte está echada)",Lindsey Crowe,3,pendiente
740,Sullivan's Travels,Hildegaard Eastlake,17,pendiente
741,Of Freaks and Men (Pro urodov i lyudey),Wilmette Kelmere,6,pendiente
742,Lemonade Joe (Limonádový Joe aneb Konská opera),Fletch Maxwale,4,pendiente
743,"Barber of Siberia, The (Sibirskij tsiryulnik)",Mickie Eveling,25,pendiente
744,4:44 Last Day on Earth,Morgen Simonson,24,pendiente
745,"3 Penny Opera, The (Threepenny Opera, The) (3 Groschen-Oper, Die)",Cirstoforo Dombrell,19,pendiente
746,"Legend of Lizzie Borden, The",Lenci Netherclift,2,pendiente
747,"Siffleurs, Les (Viheltäjät)",Oralla Windley,22,pendiente
748,Bloodsucking Freaks,Kass Simmons,2,pendiente
749,Return of the Fly,Suki Clyde,6,pendiente
750,Sleepy Hollow,Danika Leaton,4,pendiente
751,Paradise: Faith (Paradies: Glaube),Amil Comazzo,8,comprado
752,With Byrd at the South Pole,Dinnie Spilsbury,26,pendiente
753,"Net, The",Corabelle MacGillicuddy,27,pendiente
754,Green Dolphin Street,Mada Simoneton,32,pendiente
755,Chocolat,Hadleigh McAw,4,pendiente
756,"Desert Trail, The",Thorn Durban,1,pendiente
757,Feast of All Saints,Beverlie Luciani,12,pendiente
758,Wrong Turn at Tahoe,Lorilyn Hazley,18,pendiente
759,Call Her Savage,Willabella Tiptaft,8,pendiente
760,Tiger Eyes,Janifer Beckinsale,35,pendiente
761,Hair Show,Binky Jarman,4,pendiente
762,Catfish,Charin Woodwing,12,pendiente
763,"Dark at the Top of the Stairs, The",Alissa Fetteplace,1,pendiente
764,Death of a Cyclist (Muerte de un ciclista),Paulita Hewertson,34,pendiente
765,Heading South (Vers le sud),Horten Elwin,6,pendiente
766,Blue Jasmine,Tan Lie,23,pendiente
767,Enquiring Minds: The Untold Story of the Man Behind the National Enquirer,Fitzgerald Ghiriardelli,15,pendiente
768,Scanners,Corrine Claiton,26,pendiente
769,Assassination Tango,Rozamond Hogbourne,29,pendiente
770,Belle époque,Eunice Tommasetti,23,pendiente
771,Whitewash,Jacinta Snap,36,pendiente
772,The Merry Widow,Gennifer Sturgess,35,pendiente
773,Zone 39,Micah Maddern,35,pendiente
774,El Greco,Kasper Clear,19,pendiente
775,Conversations with My Gardener (Dialogue avec mon jardinier),Brocky McCrillis,31,pendiente
776,Thawing Out (La fonte des neiges) ,Kipp Ughelli,4,pendiente
777,Night Flier,Sim Kerswell,15,pendiente
778,About Alex,Chrissie Burtenshaw,16,pendiente
779,Lady Chatterley,Justinn Goodreid,7,pendiente
780,"Front Page, The",Corette Kembry,19,pendiente
781,Sex and Lucia (Lucía y el sexo),Rose Narup,34,pendiente
782,Passion Play,Brynne Shimoni,30,pendiente
783,Carts of Darkness,Linoel Mangam,34,pendiente
784,The Identical,Uriel Shaxby,20,pendiente
785,Man with an Apartment (Czlowiek z M-3),Baird Yushmanov,31,pendiente
786,On the Occasion of Remembering the Turning Gate (Saenghwalui balgyeon),Aube Gerg,13,pendiente
787,Attack of the Mushroom People (Matango),Cordie De Carolis,11,pendiente
788,A Mulher Invisível,Caye Harsant,35,pendiente
789,Something Borrowed,Maude McLice,9,pendiente
790,Faces,Jessalyn Thompstone,23,pendiente
791,"Law, The (a.k.a. Where the Hot Wind Blows!) (Legge, La)",Blake Dudley,2,pendiente
792,Secrets of Eden,Lawry Stoakes,14,pendiente
793,Piggy,Carola Bletso,22,pendiente
794,Looking for Palladin,Bernete Oller,31,pendiente
795,Repo Men,Marrilee Sandercock,7,pendiente
796,Arthur and the Revenge of Maltazard (Arthur et la vengeance de Maltazard),Ula Nowakowski,3,pendiente
797,My Father's Glory (La gloire de mon père),Chaddie Idill,28,pendiente
798,Le Mans,Felicdad Albisser,32,pendiente
799,"Magic Sword, The",Jeno Dreghorn,27,pendiente
800,Reign of Fire,Ludwig Jakubowski,6,pendiente
801,Ecstasy in Entropy,Floyd Saunier,22,pendiente
802,Filly Brown,Melony Gawith,12,pendiente
803,Sherlock Holmes: Terror by Night,Rodolph Hendriks,12,pendiente
804,Westbound,Stillman Battelle,36,pendiente
805,"Vodka, Mr. Palmu (Vodkaa, komisario Palmu)",Roseann Sloss,17,pendiente
806,"Monitors, The",Balduin Cantillion,28,pendiente
807,I Belong (Som du ser meg),Bendite Szantho,8,pendiente
808,Tough Enough (Knallhart),Tessy Hayto,24,pendiente
809,Loggerheads,Griffy Sharpe,22,pendiente
810,Heart of Dragon (Long de xin),Abramo Gyurkovics,31,comprado
811,Wolf Children (Okami kodomo no ame to yuki),Keely Johncey,32,pendiente
812,Love Affair,Mariette Parminter,30,pendiente
813,Welcome,Norrie Simeonov,14,pendiente
814,"Nightmare on Elm Street, A",Merrill Wickey,1,pendiente
815,Jude the Obscure,Brana Verduin,31,pendiente
816,"Great Mouse Detective, The",Prudence Davidof,21,pendiente
817,"Three Musketeers, The",Bathsheba Bannell,19,pendiente
818,Memory,Angelo Collerd,4,pendiente
819,Jubal,Yorgo Hynes,24,pendiente
820,Before Midnight,Filippa Stratz,2,pendiente
821,Dilwale Dulhania Le Jayenge,Aimee Kempton,24,pendiente
822,Broderskab (Brotherhood),Nara Sheerman,2,pendiente
823,"Big Kahuna, The",Tawsha Docherty,26,pendiente
824,"For a Good Time, Call...",Davita O'Feeny,29,pendiente
825,"Heart of Me, The",Charleen Marler,25,pendiente
826,London,Marianna Leggs,9,pendiente
827,Choke,Dolly Pleavin,31,pendiente
828,Star Wars: Episode III - Revenge of the Sith,Claire Petican,1,pendiente
829,I Went Down,Myca Maunders,6,pendiente
830,Spellbound,Berkie Brotherhead,36,pendiente
831,"Black Dahlia, The",Selena Fessier,7,pendiente
832,Mute Witness,Marje Imlaw,9,pendiente
833,White Fang (Zanna Bianca),Shaylynn Frandsen,13,pendiente
834,Carolina Moon,Osgood Seaton,28,pendiente
835,Get Carter,Alisa Thackeray,28,pendiente
836,"Ultimate Accessory,The (100% cachemire)",Marielle Wadeson,11,pendiente
837,"Ace High (Quattro dell'Ave Maria, I)",Orella Lesmonde,4,pendiente
838,Land of Happines (Onnen maa),Theresina Mantram,30,pendiente
839,"Five-Year Engagement, The",Marje Bratt,25,pendiente
840,"Last Play at Shea, The",Gracie Licquorish,22,pendiente
841,Painless (Insensibles) ,Hildagard Willis,23,pendiente
842,Stella Street,Issi Helwig,10,pendiente
843,Derek,Erda Stennings,27,pendiente
844,Colt Comrades,Zarah Sharram,23,pendiente
845,Extreme Days,Lothaire Rickasse,20,pendiente
846,"Big Sleep, The",Haroun Normanvell,2,pendiente
847,Phat Girlz,Karena Eldin,10,pendiente
848,"Narrow Margin, The",Wallas Kinnard,26,pendiente
849,Muscle Shoals,Amaleta Rubin,21,pendiente
850,Pride of the Bowery,Rutledge Markel,8,pendiente
851,"Not Quite Hollywood: The Wild, Untold Story of Ozploitation!",Joe Lawrenson,17,pendiente
852,Arena,Ettie Cheesworth,25,pendiente
853,"Goat, The",Abrahan Campo,5,pendiente
854,Marie from the Bay of Angels (Marie Baie Des Anges),Ardath Figures,18,pendiente
855,City for Conquest,Ruthe Norley,22,pendiente
856,Gloriously Wasted,Jule Full,32,pendiente
857,Cruel Intentions 2 (Cruel Intentions 2: Manchester Prep),Cathrin Tireman,29,pendiente
858,"Scarlet Pimpernel, The",Kiley Moorhead,34,pendiente
859,Swimfan,Penrod Maxwell,27,pendiente
860,UHF,Suzy Longmead,22,pendiente
861,"Trust Us, This Is All Made Up",Felita Sibbe,25,pendiente
862,"Institute, The",Brandi Freckleton,31,pendiente
863,Red: Werewolf Hunter,Elisha Spens,21,pendiente
864,56 Up,Riobard Laise,2,pendiente
865,"Personal History, Adventures, Experience, & Observation of David Copperfield the Younger, The (a.k.a. David Copperfield)",Janos Fylan,28,pendiente
866,Killer Holiday,Tildi Cameron,32,pendiente
867,#chicagoGirl: The Social Network Takes on a Dictator,Baldwin Risby,10,pendiente
868,Employees Leaving the Lumière Factory,Bat Ashbridge,21,pendiente
869,"Kuroneko (Black Cat from the Grove, The) (Yabu no naka no kuroneko)",Krishnah Smitham,18,pendiente
870,Cose da pazzi,Elicia Blas,21,pendiente
871,"History Boys, The",Steve Harrill,7,pendiente
872,"Man Who Planted Trees, The (Homme qui plantait des arbres, L')",Roderigo Carpenter,34,pendiente
873,True Stories,Cosmo Marusik,18,pendiente
874,Son of Batman,Averil Tither,17,pendiente
875,Berlin Is in Germany,Gabby Dole,31,pendiente
876,"South, The (Sur)",Stinky Boich,21,pendiente
877,"Dish & the Spoon, The",Marley Serman,33,pendiente
878,"Peanut Butter Solution, The",Donnie French,36,pendiente
879,Antz,Felicia Kilcullen,3,pendiente
880,"Human Factor, The",Erica Forten,26,pendiente
881,30 Years to Life,Gawain Bockings,7,pendiente
882,Libel,Judith Bonnavant,23,pendiente
883,"Other Side of Bollywood, The",Agosto Addicote,15,comprado
884,Dragon Ball: The Path to Power (Doragon bôru: Saikyô e no michi),Abagail McCuish,18,pendiente
885,Lemonade Joe (Limonádový Joe aneb Konská opera),Orsola Dupree,13,pendiente
886,Mind Game,Bennett Pemble,5,pendiente
887,"Dark Horse, The",Margaretta Taborre,22,pendiente
888,Popular Music (Populärmusik från Vittula),Ray Bleiman,11,pendiente
889,Yojimbo,Lucinda Hairsnape,26,pendiente
890,Nomad (Köshpendiler),Kendricks Glencrash,34,pendiente
891,"Muppet Movie, The",Egon Prayer,18,pendiente
892,Shower (Xizao),Sholom McIlharga,32,pendiente
893,JLG/JLG (JLG/JLG - autoportrait de décembre),Sibyl Carmont,2,pendiente
894,"Hello, Dolly!",Lorena Conochie,33,pendiente
895,"Night in Casablanca, A",Julissa Wilcox,4,pendiente
896,The Snow White Murder Case,Obediah Osorio,14,pendiente
897,I've Loved You So Long (Il y a longtemps que je t'aime),Wade Heinonen,31,pendiente
898,"White Hell of Pitz Palu, The (Die weiße Hölle vom Piz Palü) ",Giusto McGlaughn,19,pendiente
899,Tristan & Isolde,Marylynne Dominichetti,34,pendiente
900,Killing Us Softly 4: Advertising's Image of Women,Charlena Androletti,13,pendiente
901,"Tigger Movie, The",Krystalle Pashan,11,pendiente
902,Lovelace,Pepi Bartoszek,32,pendiente
903,"Bronx Tale, A",Cthrine Durdle,31,pendiente
904,Pale Rider,Shalna Zielinski,25,pendiente
905,Trick 'r Treat,Phillie Marcone,16,pendiente
906,Striptease,Moria Acutt,1,pendiente
907,"47 Samurai (Chûshingura) (Loyal 47 Ronin, The)",Ralf Breach,5,pendiente
908,"Island of Dr. Moreau, The",Orv Merrick,22,pendiente
909,Kabei: Our Mother (Kâbê),Shara Aikin,20,pendiente
910,The Expelled,Merridie Cellone,14,pendiente
911,Till Human Voices Wake Us,Menard Americi,17,pendiente
912,I Married a Monster from Outer Space,Betti Scamadine,32,pendiente
913,Good Luck Chuck,Johny Bosher,5,pendiente
914,Mr. & Mrs. Smith,Kirby Dullaghan,25,pendiente
915,My Name Is Nobody (Il Mio nome è Nessuno),Jorie Bleacher,3,pendiente
916,Youth Without Youth,Mack Stallard,16,pendiente
917,Germinal,Griffin Nugent,4,pendiente
918,Barnens ö,Rolland Chastenet,33,pendiente
919,Police Story (Ging chaat goo si),Bonnie Conkie,18,pendiente
920,Milky Way (Tejút),Melesa Davern,33,pendiente
921,"Electric Boogaloo: The Wild, Untold Story of Cannon Films",Hebert Kinge,15,pendiente
922,"Prize Winner of Defiance Ohio, The",Cilka Botley,36,pendiente
923,Deception,Aviva Brigg,28,pendiente
924,"Young Lieutenant, The (Le petit lieutenant)",Vivien Frushard,2,pendiente
925,"Goodbye, Columbus",Beck Carrier,10,pendiente
926,Heaven Can Wait,Perry Doret,24,pendiente
927,Murder in Coweta County,Violante Kops,3,pendiente
928,Gentleman's Agreement,Emlyn Kenefick,34,pendiente
929,The Shoe,Clayborne Provis,24,pendiente
930,"Little Prince, The",Cecily Filippi,23,pendiente
931,Manito,Carmelia Hylands,6,pendiente
932,Solo Sunny,Charis Pummell,22,pendiente
933,Colpo in canna,Taffy Glasscock,34,pendiente
934,Island at War,Evania Skipping,6,pendiente
935,Dear Me,Ephrem Rennolds,21,pendiente
936,Steamboat Willie,Eunice Guillou,35,pendiente
937,"Boy Named Charlie Brown, A",Constantin Glazzard,32,comprado
938,"Come On, Rangers",Anabal Guy,12,pendiente
939,Human Desire,Zedekiah Davidow,33,pendiente
940,Different from You and Me (Anders als du und ich) ,Giordano Fanthome,23,pendiente
941,The Sweet Ride,Madalena Barnwall,29,pendiente
942,Los Marziano,Beck Low,27,pendiente
943,Cinderella,Matthias Tollit,12,pendiente
944,Morsian yllättää,Herschel Roache,1,pendiente
945,"End of the Affair, The",Domini Morde,10,pendiente
946,"Human Behavior Experiments, The",Shaylynn Ryce,34,pendiente
947,No More School,Cissiee O' Lone,12,pendiente
948,Power Play,Urson Baiden,34,pendiente
949,"Good Morning, Miss Dove",Cindee Fairholme,4,pendiente
950,Tales from the Organ Trade,Neille Chatwin,33,pendiente
951,Mom's Night Out,Evelyn Argile,33,pendiente
952,My Mother's Smile (a.k.a. The Religion Hour) (L'ora di religione) (Il sorriso di mia madre),Teddie Asling,16,pendiente
953,Crime at the Chinese Restaurant,Aldous Rawlin,29,pendiente
954,"End of the Affair, The",Brandy MacGahy,23,pendiente
955,The Hyperboloid of Engineer Garin (Giperboloid inzhenera Garina),Bibbie Mattersey,17,pendiente
956,Gray Lady Down,Johnna Muglestone,9,pendiente
957,My Best Fiend (Mein liebster Feind),Nickie Laudham,13,pendiente
958,Bedlam,Siffre Jarrel,36,pendiente
959,Confessor Caressor,Donal Dami,11,pendiente
960,They Drive by Night,Holly Butterwick,31,pendiente
961,Good Will Hunting,Magdalen Ainger,32,pendiente
962,West (Occident),Gallagher Younger,12,pendiente
963,Deep in the Woods (Promenons-nous dans les bois),Myranda Lewnden,36,pendiente
964,Scott Pilgrim vs. the World,Abram Breewood,30,pendiente
965,In Two Minds,Tades Ivashnyov,6,pendiente
966,Cowspiracy: The Sustainability Secret,Agnella Cleverly,30,pendiente
967,Counsellor at Law,Sabine Wheldon,24,pendiente
968,"Kids in the Hall: Same Guys, New Dresses",Erna Weildish,8,pendiente
969,Mrs. Winterbourne,Emelyne Targett,35,pendiente
970,Forget Me Not,Hillyer Rilton,21,pendiente
971,The Prophecy: Forsaken,Cass Kite,33,pendiente
972,Rush,Heddi Antonchik,6,pendiente
973,First Shot,Olly Rekes,1,pendiente
974,The Girl from the Marsh Croft,Haleigh Coolahan,10,pendiente
975,"Little Mermaid: Ariel's Beginning, The",Hadrian Jackman,15,pendiente
976,Rambling Rose,Ky Macken,2,pendiente
977,Dingo,Lind Gerritzen,11,pendiente
978,Games of Love and Chance (L'esquive),Morna Tiner,18,pendiente
979,London to Brighton,Flynn Staff,36,pendiente
980,Kanak Attack,Greg Hocking,24,pendiente
981,The Hunting Ground,Doralia Farrans,27,pendiente
982,"Godzilla, King of the Monsters! (Kaijû-ô Gojira)",Kenny Manns,6,pendiente
983,"Month by the Lake, A",Mauricio Vanacci,23,pendiente
984,Mozart and the Whale,Tannie Bendare,12,pendiente
985,Lakeview Terrace,Franklin Galbreth,26,pendiente
986,Murder Party,Waneta Borland,25,pendiente
987,Paziraie Sadeh,Leia Pherps,9,pendiente
988,"Nightmare on Elm Street, A",Nan Yorath,6,pendiente
989,K2,Roana Van Haeften,15,pendiente
990,Immortel (ad vitam) (Immortal),Eve Danielot,12,pendiente
991,Tamara Drewe,Lanita Challener,23,pendiente
992,Vision Quest,Maxy Cristofolini,22,pendiente
993,"Debt, The",Rahel Bundy,28,pendiente
994,"War Is Over, The (Guerre est finie, La)",Alyce Drogan,14,comprado
995,Boat People (Tau ban no hoi),Pete Firbank,9,pendiente
996,Hum Dil De Chuke Sanam,Rora Scatchar,11,pendiente
997,"Master, The",Tony Threadgall,25,pendiente
998,Regeneration,Nara Tansley,4,pendiente
999,Wonder Woman,Montague De Nisco,7,pendiente
1000,"Passion of Joan of Arc, The (Passion de Jeanne d'Arc, La)",Justine Filson,31,pendiente
