id_universitystaff,first_name,last_name,identity,staff
1,Clo,Artus,16245386,No docente
2,Leonore,Tabrett,16245387,Docente
3,Devina,McElhargy,16245388,No docente
4,Maddie,Jobke,16245389,No docente
5,Fielding,Job,16245390,No docente
6,Mildrid,Mander,16245391,No docente
7,Ethyl,Arnout,16245392,No docente
8,Grannie,Nowaczyk,16245393,Docente
9,Em,Rickerby,16245394,No docente
10,Heindrick,Metts,16245395,No docente
11,Chrysler,Frisdick,16245396,No docente
12,Massimo,Wennam,16245397,No docente
13,Daphna,Offield,16245398,Docente
14,Skip,Raraty,16245399,No docente
15,Beulah,O'Malley,16245400,No docente
16,Hubie,Bernardino,16245401,No docente
17,Therine,Cuttle,16245402,No docente
18,Gwyn,Bearcroft,16245403,Docente
19,Bria,Souch,16245404,No docente
20,Blancha,Bramall,16245405,No docente
21,Farra,Shurmore,16245406,No docente
22,Cynthea,Yitzovitz,16245407,No docente
23,Skip,Neave,16245408,No docente
24,Ab,Tring,16245409,No docente
25,Sidonia,Canceller,16245410,Docente
26,Marita,Lamborn,16245411,No docente
27,Wyatt,Vittle,16245412,No docente
28,Gavan,Rowes,16245413,No docente
29,Amory,Seaking,16245414,No docente
30,Clevey,Loram,16245415,No docente
31,Fayre,Bulley,16245416,No docente
32,Frazer,Fasler,16245417,No docente
33,Maxie,Cheng,16245418,No docente
34,Toby,Nicholson,16245419,No docente
35,Kerwinn,deKnevet,16245420,Docente
36,Kylie,Fluin,16245421,No docente
37,Austine,Amys,16245422,No docente
38,Cornelle,Debow,16245423,No docente
39,Cort,Comello,16245424,No docente
40,Isacco,Leonida,16245425,No docente
41,Maritsa,Cosgrive,16245426,No docente
42,Geneva,Stockdale,16245427,No docente
43,Chelsy,Jaquiss,16245428,No docente
44,Giavani,Gagin,16245429,No docente
45,Clevey,Howells,16245430,No docente
46,Nickolaus,McCarry,16245431,Docente
47,Ware,Weal,16245432,No docente
48,Allen,Cumpsty,16245433,No docente
49,Ashby,Sultan,16245434,No docente
50,Kellby,Philp,16245435,No docente
51,Pepita,Winslade,16245436,No docente
52,Ninon,McCarrick,16245437,No docente
53,Chelsey,Peterken,16245438,No docente
54,Klara,Fenna,16245439,No docente
55,Shawn,Lock,16245440,No docente
56,Natalee,Drescher,16245441,No docente
57,Rockie,Trobey,16245442,No docente
58,Anna,Gibson,16245443,No docente
59,Ivan,Turville,16245444,No docente
60,Milka,Willmont,16245445,No docente
61,Jeremie,Tout,16245446,No docente
62,Britteny,Ogger,16245447,No docente
63,Jeffie,Skoggins,16245448,No docente
64,Zebulon,Gussin,16245449,No docente
65,Cammy,Pimblotte,16245450,No docente
66,Cherri,Formie,16245451,No docente
67,Calypso,Donn,16245452,No docente
68,Ahmed,Alsopp,16245453,No docente
69,Stephine,Rispine,16245454,No docente
70,Yalonda,Hubbucke,16245455,No docente
71,Selia,Janiak,16245456,No docente
72,Rosette,Wilkennson,16245457,Docente
73,Thorpe,McRinn,16245458,No docente
74,Genna,Dowse,16245459,No docente
75,Darrell,Baxendale,16245460,No docente
76,Nollie,Wooderson,16245461,No docente
77,Xylina,Haire,16245462,No docente
78,Dacy,Maysor,16245463,No docente
79,Murdock,Jakovijevic,16245464,No docente
80,Willow,Venard,16245465,No docente
81,Rocky,Issard,16245466,No docente
82,Leland,Chesman,16245467,No docente
83,Veda,Stoppard,16245468,No docente
84,Emmit,Kigelman,16245469,No docente
85,Jaynell,Cops,16245470,No docente
86,Nicol,Wisden,16245471,No docente
87,Imogene,Summerlad,16245472,Docente
88,Winthrop,Langsdon,16245473,No docente
89,Errol,Lemmanbie,16245474,No docente
90,Alicea,Benedicte,16245475,No docente
91,Kingsley,Burgisi,16245476,No docente
92,Hans,Dorbon,16245477,No docente
93,Dyanne,Dymocke,16245478,No docente
94,Diane-marie,Mackstead,16245479,No docente
95,Christophe,Rickerby,16245480,No docente
96,Sidney,Fantini,16245481,No docente
97,Peder,Craigmile,16245482,No docente
98,Chic,Whittenbury,16245483,No docente
99,Ferdy,Scoggan,16245484,No docente
100,Cirilo,Malarkey,16245485,No docente
101,Mercedes,Payley,16245486,No docente
102,Marian,England,16245487,No docente
103,Fulton,McGavin,16245488,No docente
104,Lorenzo,Zarfai,16245489,No docente
105,Kathrine,Valentinetti,16245490,Docente
106,Camel,Welsh,16245491,No docente
107,Kaycee,Dovinson,16245492,No docente
108,Lauryn,Gossipin,16245493,No docente
109,Lorenza,Darbey,16245494,No docente
110,Amandi,Wildber,16245495,No docente
111,Dillon,Passion,16245496,No docente
112,Riva,Riley,16245497,No docente
113,Carie,Kitchingman,16245498,No docente
114,Monroe,Herrero,16245499,No docente
115,Coleman,Chipman,16245500,No docente
116,Giralda,Starmore,16245501,No docente
117,Sharla,Gosselin,16245502,No docente
118,Standford,Lunk,16245503,No docente
119,Papageno,Ludy,16245504,No docente
120,Clarissa,Unsworth,16245505,No docente
121,Nance,Wharram,16245506,No docente
122,Kaja,Ronci,16245507,No docente
123,Elora,Swetman,16245508,No docente
124,Desiri,Veysey,16245509,No docente
125,Wakefield,Newcomen,16245510,Docente
126,Esther,Skatcher,16245511,No docente
127,Gardie,Bramsen,16245512,No docente
128,Glenna,Adess,16245513,No docente
129,Nikolai,Jura,16245514,No docente
130,Brandyn,Milnthorpe,16245515,No docente
131,Idaline,Kilbey,16245516,No docente
132,Benedicto,McLagain,16245517,No docente
133,Amory,Dudill,16245518,No docente
134,Rance,Dudden,16245519,No docente
135,Salomone,Tait,16245520,No docente
136,Roanne,Garnett,16245521,No docente
137,Ardys,Ziemens,16245522,No docente
138,Bernhard,Froschauer,16245523,Docente
139,Rollin,Tutsell,16245524,No docente
140,Ingunna,Scullion,16245525,No docente
141,Bertha,Iannello,16245526,No docente
142,Anatol,Helbeck,16245527,No docente
143,Elisa,Beville,16245528,No docente
144,Prissie,Roxburch,16245529,No docente
145,Ashlen,Towlson,16245530,No docente
146,Sunshine,Tether,16245531,No docente
147,Biddy,Rippingall,16245532,No docente
148,Ryley,Lalonde,16245533,No docente
149,Andrey,Boundy,16245534,No docente
150,Waite,Pettus,16245535,No docente
151,Kaiser,Heustace,16245536,No docente
152,Vern,Kynton,16245537,No docente
153,Terry,Josipovitz,16245538,No docente
154,Justine,Kleinschmidt,16245539,Docente
155,Armand,Moon,16245540,No docente
156,Tamma,Jacobsohn,16245541,No docente
157,Valentia,Dugood,16245542,No docente
158,Mureil,Greenmon,16245543,No docente
159,Raimundo,Jurasek,16245544,No docente
160,Caresse,Wedon,16245545,No docente
161,Gilles,Havoc,16245546,No docente
162,Latrina,Carnachen,16245547,No docente
163,Adolph,Strephan,16245548,No docente
164,Asa,Western,16245549,No docente
165,Demetra,M'Barron,16245550,No docente
166,Aube,Maly,16245551,No docente
167,Cicily,Saterthwait,16245552,No docente
168,Aigneis,Lacasa,16245553,No docente
169,Brandon,Belchamber,16245554,Docente
170,Licha,Thackwray,16245555,No docente
171,Gary,Robillard,16245556,No docente
172,Frants,Tremellier,16245557,No docente
173,Michele,Prendeville,16245558,No docente
174,Audrey,Lowther,16245559,No docente
175,Manolo,Sartain,16245560,No docente
176,Amara,Baal,16245561,No docente
177,Baillie,Goodee,16245562,No docente
178,Waldo,Henri,16245563,No docente
179,Nikolaus,Narbett,16245564,No docente
180,Burke,Armall,16245565,No docente
181,Alaine,Durrett,16245566,Docente
182,Wittie,Corran,16245567,No docente
183,Cody,de Werk,16245568,No docente
184,Maximilien,Grodden,16245569,No docente
185,Shanie,Plewman,16245570,No docente
186,Kaitlynn,Drable,16245571,No docente
187,Tam,Rickword,16245572,No docente
188,Keene,Libero,16245573,No docente
189,Minetta,Benditt,16245574,Docente
190,Glory,Whitters,16245575,No docente
191,Sam,Arondel,16245576,No docente
192,Alvan,Penddreth,16245577,No docente
193,Corty,Veighey,16245578,No docente
194,Nicolle,Ortler,16245579,No docente
195,Barrie,Larter,16245580,No docente
196,Lucais,Lotterington,16245581,No docente
197,Sena,Phillot,16245582,No docente
198,Amble,Hurdidge,16245583,No docente
199,Jessee,Owers,16245584,No docente
200,Berkeley,Autry,16245585,No docente
201,Idette,Lean,16245586,No docente
202,Louise,De Marchi,16245587,Docente
203,Phaedra,Shackleford,16245588,No docente
204,Orelia,Wolfenden,16245589,No docente
205,Raynell,Strippel,16245590,No docente
206,Fin,Kopps,16245591,No docente
207,Erminia,Upton,16245592,No docente
208,Lesley,O'Cannavan,16245593,No docente
209,Peta,Blacksland,16245594,No docente
210,Gabriel,Wiseman,16245595,No docente
211,Walther,Verring,16245596,No docente
212,Alexandr,Tomkowicz,16245597,No docente
213,Gertrude,Cossans,16245598,No docente
214,Rebbecca,Cozby,16245599,No docente
215,Melinda,Gummory,16245600,No docente
216,Guillemette,Espinho,16245601,Docente
217,Maribeth,McQuie,16245602,No docente
218,Cherish,Rowter,16245603,No docente
219,Weber,St Ledger,16245604,No docente
220,Dacy,Mowbury,16245605,No docente
221,Erie,Maden,16245606,No docente
222,Fenelia,Romayne,16245607,No docente
223,Lew,Bowlas,16245608,No docente
224,Carny,Alvar,16245609,No docente
225,Curtis,Gianni,16245610,No docente
226,Amy,Trivett,16245611,No docente
227,Rosco,Simper,16245612,No docente
228,Christoforo,Crampton,16245613,No docente
229,Kelly,Parlott,16245614,No docente
230,Drucie,Brimacombe,16245615,No docente
231,Charmaine,Batrick,16245616,No docente
232,Rosabelle,Kubal,16245617,No docente
233,Ashlie,Ledrane,16245618,No docente
234,Joby,Sporle,16245619,No docente
235,Sampson,Taplin,16245620,Docente
236,Ardyth,Thirtle,16245621,No docente
237,Rachele,Wilkie,16245622,No docente
238,Jessika,Menlow,16245623,No docente
239,Lia,Dreinan,16245624,No docente
240,Nanon,Dackombe,16245625,No docente
241,Emelen,Melhuish,16245626,No docente
242,Claribel,Garrow,16245627,No docente
243,Aluino,Maccraw,16245628,No docente
244,Stan,Cescon,16245629,No docente
245,Marj,Symcoxe,16245630,No docente
246,Clarey,Setterington,16245631,No docente
247,Pepillo,Cordero,16245632,No docente
248,Brnaba,Oleszczak,16245633,No docente
249,Freddie,Probey,16245634,No docente
250,Kandy,Toulch,16245635,No docente
251,Rianon,Smorthit,16245636,No docente
252,Farrah,Print,16245637,No docente
253,Rheba,Ashley,16245638,No docente
254,Mallorie,Essame,16245639,Docente
255,Mahmud,Chate,16245640,No docente
256,Tadd,Juris,16245641,No docente
257,Claudius,Koene,16245642,No docente
258,Starla,Coltman,16245643,No docente
259,Cherri,Yeudall,16245644,No docente
260,Ferd,Calcut,16245645,No docente
261,Guillaume,Delepine,16245646,No docente
262,Cassandra,Menel,16245647,No docente
263,Justin,Savaage,16245648,No docente
264,Shae,Brimble,16245649,No docente
265,Gilberta,Bartolijn,16245650,No docente
266,Ardelia,Bartles,16245651,No docente
267,Frederigo,Farnes,16245652,No docente
268,Lazarus,Congram,16245653,No docente
269,Vonny,Leggate,16245654,No docente
270,Ross,Bendin,16245655,No docente
271,Pauline,Turnor,16245656,No docente
272,Grissel,Wooler,16245657,No docente
273,Amelia,Petti,16245658,No docente
274,Jessamyn,Wrench,16245659,No docente
275,Raimondo,Bruni,16245660,No docente
276,Claudia,Faichnie,16245661,Docente
277,Eugenius,Tommasetti,16245662,No docente
278,Orren,Dunstan,16245663,No docente
279,Allis,Troillet,16245664,No docente
280,Doralyn,Fucher,16245665,No docente
281,Kelley,Naper,16245666,No docente
282,Martainn,D'Acth,16245667,No docente
283,Wake,Yacob,16245668,No docente
284,Gianna,Keddie,16245669,No docente
285,Holt,Sucre,16245670,No docente
286,Quill,Cattini,16245671,No docente
287,Webster,Bracey,16245672,No docente
288,Doria,Gutierrez,16245673,No docente
289,Tarra,McCathay,16245674,No docente
290,Gertrud,Outright,16245675,No docente
291,Elberta,Cheal,16245676,No docente
292,Jesse,Ruoss,16245677,No docente
293,Hirsch,Bendall,16245678,No docente
294,Sunny,Colbert,16245679,No docente
295,Nina,Ector,16245680,No docente
296,Peyter,Sansun,16245681,No docente
297,Mariel,Borris,16245682,No docente
298,Bil,Braffington,16245683,No docente
299,Marin,Laidlow,16245684,No docente
300,Falito,Coning,16245685,No docente
301,Debee,Nezey,16245686,No docente
302,Maryanna,Surgeoner,16245687,Docente
303,Hurlee,Edworthie,16245688,No docente
304,Colene,Kyle,16245689,No docente
305,Tomasina,Lusher,16245690,No docente
306,Else,Drepp,16245691,No docente
307,Gipsy,Tassel,16245692,No docente
308,Gilberte,Shine,16245693,No docente
309,Preston,Sparham,16245694,No docente
310,Kary,Cotter,16245695,No docente
311,Mick,Tichelaar,16245696,No docente
312,Berri,Gerren,16245697,No docente
313,Alina,Alloisi,16245698,No docente
314,Em,Kivlin,16245699,No docente
315,Karol,Feyer,16245700,No docente
316,Giacinta,Laxton,16245701,No docente
317,Kylila,Hurlin,16245702,No docente
318,Perrine,Cartmill,16245703,No docente
319,Billi,Buckoke,16245704,No docente
320,Englebert,Buntain,16245705,No docente
321,Dorthy,Tommaseo,16245706,No docente
322,Kitty,Elloy,16245707,No docente
323,Mollee,Rowberry,16245708,No docente
324,Edan,Townsend,16245709,No docente
325,Brander,Kneal,16245710,No docente
326,Leighton,Rowsell,16245711,No docente
327,Cleve,Botler,16245712,No docente
328,Delainey,Cumming,16245713,No docente
329,Muffin,Wattinham,16245714,No docente
330,Granger,Carpe,16245715,No docente
331,Alisha,Sennett,16245716,No docente
332,Lem,Jelleman,16245717,No docente
333,Yvon,Brabham,16245718,No docente
334,Kinna,Townsend,16245719,No docente
335,Darlleen,Shewan,16245720,No docente
336,Leonie,Bengochea,16245721,No docente
337,Margret,Bluschke,16245722,No docente
338,Zita,Jickells,16245723,No docente
339,Blair,Gurwood,16245724,No docente
340,Dollie,Biggin,16245725,No docente
341,Teresa,Ionn,16245726,No docente
342,Binni,Fortune,16245727,No docente
343,Mab,Havercroft,16245728,No docente
344,Rozele,Akam,16245729,No docente
345,Roobbie,Longden,16245730,No docente
346,Valry,McIlvoray,16245731,No docente
347,Nefen,Keynd,16245732,No docente
348,Vlad,Eadon,16245733,No docente
349,Dorri,Dunham,16245734,No docente
350,Vaughn,Filippo,16245735,No docente
351,Rayner,Haxley,16245736,No docente
352,Parry,Swanton,16245737,No docente
353,Rossie,Pundy,16245738,No docente
354,Zedekiah,Dobbyn,16245739,No docente
355,Deb,Perigeaux,16245740,No docente
356,Teresina,Hubbis,16245741,No docente
357,Sheppard,Weavill,16245742,No docente
358,Bobby,Impy,16245743,No docente
359,Janka,Castille,16245744,Docente
360,Milena,Mayler,16245745,No docente
361,Fanchette,Oller,16245746,No docente
362,Timmy,Walkingshaw,16245747,No docente
363,Gabriel,O'Halloran,16245748,No docente
364,Shauna,Reasce,16245749,No docente
365,Ninetta,O'Crotty,16245750,No docente
366,Jackqueline,Quye,16245751,No docente
367,Roderich,Stelli,16245752,No docente
368,Sybille,Waddilove,16245753,No docente
369,Madelle,LaBastida,16245754,No docente
370,Chiarra,Guilbert,16245755,No docente
371,Inez,Schimpke,16245756,No docente
372,Tobie,Wilmott,16245757,No docente
373,Bette-ann,Rawkesby,16245758,No docente
374,Kevina,Empringham,16245759,No docente
375,Jacqui,Shefton,16245760,No docente
376,Haze,Hammant,16245761,No docente
377,Adiana,Flegg,16245762,No docente
378,Salvidor,Esler,16245763,No docente
379,Roanna,Shah,16245764,No docente
380,Pammi,Scheu,16245765,No docente
381,Sandi,Cockerton,16245766,No docente
382,Adriano,Impett,16245767,No docente
383,Tory,Hilley,16245768,No docente
384,Nathanil,Gawkes,16245769,No docente
385,Ardyth,Maultby,16245770,Docente
386,Shea,Swale,16245771,No docente
387,Quint,Ewart,16245772,No docente
388,Elysee,D'Ambrosio,16245773,No docente
389,Cecelia,McSorley,16245774,No docente
390,Felic,Denacamp,16245775,No docente
391,Thoma,Pie,16245776,No docente
392,Casey,Adhams,16245777,No docente
393,Cecily,Perot,16245778,No docente
394,Charles,Guillot,16245779,No docente
395,Jerrilee,Erie,16245780,No docente
396,Loralee,Inglefield,16245781,No docente
397,Fania,Chafney,16245782,No docente
398,Vitoria,Phair,16245783,No docente
399,Celestine,Opdenort,16245784,No docente
400,Bealle,Dubber,16245785,No docente
401,Nev,Rosgen,16245786,No docente
402,Bernie,Glynn,16245787,No docente
403,Case,Caygill,16245788,No docente
404,Emilio,Gallamore,16245789,No docente
405,Ashla,Chessel,16245790,No docente
406,Britney,Hobbing,16245791,No docente
407,Darcee,Budibent,16245792,No docente
408,Chev,Sandwith,16245793,No docente
409,Laraine,Sprigg,16245794,No docente
410,Emilia,Birtwhistle,16245795,No docente
411,Simonne,Aish,16245796,No docente
412,Arni,Vella,16245797,No docente
413,Ara,Arnaut,16245798,No docente
414,Carena,Gounard,16245799,No docente
415,Fernandina,Mazonowicz,16245800,No docente
416,Bessy,Cluley,16245801,No docente
417,Aurie,Gummory,16245802,No docente
418,Susanna,Grece,16245803,No docente
419,Chauncey,Gally,16245804,Docente
420,Jacobo,Girkins,16245805,No docente
421,Erich,Mahaddy,16245806,No docente
422,Lavena,Lambart,16245807,No docente
423,Frants,De la Zenne,16245808,No docente
424,Tony,Lamb,16245809,No docente
425,Hasheem,MacKaig,16245810,No docente
426,Broderick,Hobble,16245811,No docente
427,Fanechka,Lupson,16245812,No docente
428,Silvanus,Ferebee,16245813,No docente
429,Pattie,Mapp,16245814,No docente
430,Boycey,Dumini,16245815,No docente
431,Ogdon,Tanner,16245816,No docente
432,Xaviera,Flaxon,16245817,No docente
433,Wendell,Kibbye,16245818,No docente
434,Winnifred,Quinet,16245819,No docente
435,Ramon,Iglesia,16245820,No docente
436,Kesley,Manoelli,16245821,No docente
437,Viva,Chatfield,16245822,No docente
438,Winifred,Dowall,16245823,No docente
439,Elias,Kimbley,16245824,No docente
440,Wheeler,Elis,16245825,No docente
441,Lauralee,Boriston,16245826,No docente
442,Lorrin,Payler,16245827,No docente
443,Cooper,Bleeze,16245828,No docente
444,Far,Haddon,16245829,No docente
445,Ebenezer,Custance,16245830,No docente
446,Ceciley,Crighton,16245831,No docente
447,Fancie,Vernalls,16245832,No docente
448,Mariann,Corsor,16245833,No docente
449,Bartolemo,Sam,16245834,No docente
450,Debbi,Tombleson,16245835,No docente
451,Nichol,Kristoffersen,16245836,No docente
452,Patric,Andreu,16245837,No docente
453,Rancell,Decent,16245838,No docente
454,Whitman,Kitchen,16245839,No docente
455,Morganica,Matthiae,16245840,No docente
456,Hillary,O'Cridigan,16245841,No docente
457,Harlan,Brettoner,16245842,No docente
458,Loy,Whittle,16245843,No docente
459,Kathye,Resun,16245844,No docente
460,Barb,Chewter,16245845,No docente
461,Jolee,Ardron,16245846,No docente
462,Zonda,Dolohunty,16245847,No docente
463,Jan,Chetwynd,16245848,No docente
464,Lenee,Sutch,16245849,No docente
465,Gearard,Skone,16245850,No docente
466,Cristi,Wolffers,16245851,No docente
467,Greer,Gibbins,16245852,No docente
468,Jeanne,McNellis,16245853,Docente
469,Dalli,Stainfield,16245854,No docente
470,Bryon,Nezey,16245855,No docente
471,Maud,Hurrell,16245856,No docente
472,Geri,Pateman,16245857,No docente
473,Jemmie,Collicott,16245858,No docente
474,Amabel,Putterill,16245859,No docente
475,Tatum,Tapin,16245860,No docente
476,Guinevere,O'Dare,16245861,No docente
477,Michaelina,Trevillion,16245862,No docente
478,Arda,Organer,16245863,No docente
479,Nadine,Tillot,16245864,No docente
480,Tierney,Robart,16245865,No docente
481,Bess,Mungane,16245866,No docente
482,Beitris,Weall,16245867,No docente
483,Candy,Zecchini,16245868,No docente
484,Zena,Lawler,16245869,No docente
485,Issie,Dulson,16245870,No docente
486,Albert,Snoddin,16245871,No docente
487,Dewitt,Zellmer,16245872,No docente
488,Tamarah,Brittoner,16245873,No docente
489,Kent,Judson,16245874,No docente
490,Julian,Twede,16245875,No docente
491,Ashil,Meake,16245876,No docente
492,Thacher,Kidde,16245877,No docente
493,Ambur,Keelin,16245878,No docente
494,Stuart,Klaaassen,16245879,No docente
495,Stirling,Tomlinson,16245880,No docente
496,Jamie,O'Reilly,16245881,No docente
497,Daisie,Giffen,16245882,No docente
498,Kristoffer,Grimmett,16245883,No docente
499,Nanette,Kenner,16245884,No docente
500,George,Hands,16245885,No docente
501,Tucky,Simonetti,16245886,No docente
502,Kristian,Bissatt,16245887,No docente
503,Irving,Ruslinge,16245888,No docente
504,Yvette,Pollie,16245889,No docente
505,Inga,Edgler,16245890,No docente
506,Dosi,Postill,16245891,No docente
507,Isadore,Glasby,16245892,No docente
508,Clemmie,Ardern,16245893,No docente
509,Emory,Coddrington,16245894,Docente
510,Raine,Ockendon,16245895,No docente
511,Jeannie,Wyett,16245896,No docente
512,Helene,Verrick,16245897,No docente
513,Leontine,Jochanany,16245898,No docente
514,Cathe,Huge,16245899,No docente
515,Pansy,Geelan,16245900,No docente
516,Conrade,Schade,16245901,No docente
517,Adriano,Sunner,16245902,No docente
518,Drusy,Izkovitz,16245903,No docente
519,Annamarie,Boyton,16245904,Docente
520,Hester,Hebbron,16245905,No docente
521,Levi,Kemshell,16245906,No docente
522,Elsie,Dohmer,16245907,No docente
523,Fulvia,Tomankiewicz,16245908,No docente
524,Chiquita,Donovin,16245909,No docente
525,Herbert,Knibbs,16245910,No docente
526,Luis,Pinkett,16245911,No docente
527,Benetta,Mortimer,16245912,No docente
528,Arri,Langhor,16245913,No docente
529,Wilfrid,Chitham,16245914,No docente
530,Eveline,Camplen,16245915,No docente
531,Abby,Henze,16245916,No docente
532,Ingeborg,Ruoff,16245917,No docente
533,Hunfredo,Ollivierre,16245918,No docente
534,Gwenore,Keighly,16245919,No docente
535,Murdock,Balaison,16245920,No docente
536,Langston,Havoc,16245921,No docente
537,Birgit,Robardley,16245922,No docente
538,Rafi,O'Farris,16245923,No docente
539,Alaric,MacNeice,16245924,No docente
540,Charmion,MacGilmartin,16245925,No docente
541,Budd,Casol,16245926,Docente
542,Nico,Abele,16245927,No docente
543,Hermione,Bastide,16245928,No docente
544,Lettie,Mothersdale,16245929,No docente
545,Simeon,Mix,16245930,No docente
546,Ainsley,Thorsby,16245931,No docente
547,Peder,Laban,16245932,No docente
548,Benito,Ayres,16245933,No docente
549,Powell,Tutchener,16245934,No docente
550,Petronella,Bernardelli,16245935,No docente
551,Tessie,Chalmers,16245936,No docente
552,Birch,Patise,16245937,No docente
553,Donia,Grishinov,16245938,No docente
554,Wenonah,Channing,16245939,No docente
555,Salomi,Dulin,16245940,No docente
556,Iain,Fyldes,16245941,No docente
557,Rozina,Angelo,16245942,No docente
558,Cherilyn,Neilan,16245943,No docente
559,Bendix,Alabone,16245944,No docente
560,Mirilla,Corkill,16245945,No docente
561,Tudor,Linklater,16245946,No docente
562,Shaina,Vargas,16245947,No docente
563,Thorsten,Cotmore,16245948,No docente
564,Lela,Haythornthwaite,16245949,No docente
565,Pacorro,Itzakovitz,16245950,No docente
566,Jackson,Hadeke,16245951,No docente
567,Bernardina,Mountain,16245952,No docente
568,Clementina,Masedon,16245953,No docente
569,Loni,Borrow,16245954,No docente
570,Esta,Ledrun,16245955,No docente
571,Cherilynn,Waddell,16245956,No docente
572,Sharla,Rainsden,16245957,No docente
573,Allison,Cuttelar,16245958,No docente
574,Bobbee,Litherborough,16245959,No docente
575,Francesco,Gillions,16245960,No docente
576,Melinda,Galiford,16245961,No docente
577,Walsh,Merington,16245962,No docente
578,Lezlie,Probbings,16245963,No docente
579,Alanah,Redgrove,16245964,No docente
580,Eberhard,Gumary,16245965,No docente
581,Gussie,Larkby,16245966,No docente
582,Sandie,Thompkins,16245967,No docente
583,Sophi,Maddy,16245968,No docente
584,Pauletta,Dray,16245969,No docente
585,Harley,Gotling,16245970,No docente
586,Shelia,Gladding,16245971,No docente
587,Tamar,Phare,16245972,No docente
588,Thornie,Yakunchikov,16245973,No docente
589,Sapphira,Beernaert,16245974,No docente
590,Leela,Tutchell,16245975,No docente
591,Abbie,Dugald,16245976,No docente
592,Dasya,Barsham,16245977,No docente
593,Rosalynd,Gouth,16245978,No docente
594,Malissia,Eddowis,16245979,No docente
595,Farrell,Ratlee,16245980,No docente
596,Shayne,Baddiley,16245981,Docente
597,Haskel,Whewell,16245982,No docente
598,Bram,Denmead,16245983,No docente
599,Eva,Merrifield,16245984,No docente
600,Kellsie,Fifield,16245985,No docente
601,Alleyn,Hawney,16245986,No docente
602,Xylina,Newlove,16245987,No docente
603,Lonni,Marzelo,16245988,No docente
604,Sharai,Skarin,16245989,No docente
605,Nita,Tokley,16245990,No docente
606,Camella,Riddle,16245991,No docente
607,Marcel,Tatham,16245992,No docente
608,Evvy,Fozard,16245993,No docente
609,Jacinthe,Buten,16245994,No docente
610,Marietta,Gorick,16245995,No docente
611,Mordy,Erie,16245996,No docente
612,Cristabel,Northfield,16245997,No docente
613,Moina,Spalding,16245998,No docente
614,Ellerey,Weeks,16245999,No docente
615,Maritsa,Minchinden,16246000,No docente
616,Pansy,Hefforde,16246001,No docente
617,Paulo,Oldham,16246002,No docente
618,Mona,Ibell,16246003,No docente
619,Worthy,Sagg,16246004,No docente
620,Kari,Cogin,16246005,No docente
621,Ira,Pendle,16246006,No docente
622,Crosby,Emmet,16246007,No docente
623,Germain,Hulstrom,16246008,No docente
624,Luke,Spinelli,16246009,No docente
625,Gretna,Bladge,16246010,No docente
626,Veronika,Swinburne,16246011,No docente
627,Jemmie,Capon,16246012,No docente
628,Mallory,Shouler,16246013,No docente
629,Milena,Berthome,16246014,No docente
630,Gwyneth,Ellis,16246015,No docente
631,Adler,Barnham,16246016,No docente
632,Lezley,Landre,16246017,No docente
633,Lee,Hentzeler,16246018,No docente
634,Maddalena,Menicomb,16246019,No docente
635,Hashim,Lamacraft,16246020,No docente
636,Brok,Getcliff,16246021,No docente
637,Bettina,Headford,16246022,No docente
638,Ambrosio,Cramphorn,16246023,No docente
639,Jasen,Libbe,16246024,No docente
640,Kevina,Gorrick,16246025,No docente
641,Liam,Leemans,16246026,No docente
642,Maddy,Prosek,16246027,No docente
643,Berri,Marklin,16246028,No docente
644,Mellicent,Dumbelton,16246029,No docente
645,Adena,Leathes,16246030,No docente
646,Carlye,Housley,16246031,No docente
647,Erminia,Farress,16246032,No docente
648,Jodi,Cornelis,16246033,No docente
649,Tiebout,Kagan,16246034,No docente
650,Coriss,Beaumont,16246035,No docente
651,Tan,Drayn,16246036,No docente
652,Manolo,Crolly,16246037,Docente
653,Inez,Skeleton,16246038,No docente
654,Delcina,Francino,16246039,No docente
655,Sigvard,Scarlon,16246040,No docente
656,Silvio,Prantl,16246041,No docente
657,Terrill,Devo,16246042,No docente
658,Tandy,Lokier,16246043,No docente
659,Alden,Aggio,16246044,No docente
660,Heidi,Tolemache,16246045,No docente
661,Eadmund,Puleston,16246046,No docente
662,Parry,Hanselmann,16246047,No docente
663,Shir,Gilderoy,16246048,No docente
664,Donella,Hughman,16246049,No docente
665,Lucila,Drakard,16246050,No docente
666,Rafi,Sharply,16246051,No docente
667,Clair,Kimble,16246052,No docente
668,Damon,Titman,16246053,No docente
669,Agneta,Drover,16246054,No docente
670,Aime,Keneleyside,16246055,No docente
671,Toni,Kubasiewicz,16246056,No docente
672,Freemon,de Keyser,16246057,No docente
673,Gregor,Moxsom,16246058,No docente
674,Shawna,Relfe,16246059,No docente
675,Elmo,Kirstein,16246060,No docente
676,Tabby,Foley,16246061,No docente
677,Florida,Nicolson,16246062,No docente
678,Creight,Maken,16246063,No docente
679,Lauree,Kerner,16246064,No docente
680,Alanson,Troutbeck,16246065,No docente
681,Smith,Greschke,16246066,No docente
682,Gunilla,Drain,16246067,No docente
683,Trumann,Keemar,16246068,No docente
684,Lisa,Chaundy,16246069,No docente
685,Boothe,Lowdeane,16246070,Docente
686,Melisenda,Muris,16246071,No docente
687,Vaughn,Battram,16246072,No docente
688,Karlyn,Annott,16246073,No docente
689,Melvin,Bavin,16246074,No docente
690,Janna,Fairhead,16246075,No docente
691,Staffard,Pakeman,16246076,No docente
692,Antone,Gonzalez,16246077,No docente
693,Rosalynd,Blaney,16246078,No docente
694,Ashli,Martelet,16246079,No docente
695,Ailene,Ardern,16246080,No docente
696,Juieta,Dechelette,16246081,No docente
697,Trudi,Lovering,16246082,No docente
698,Sutherland,Eaddy,16246083,No docente
699,Cherie,Corpes,16246084,No docente
700,Gertrud,Hampton,16246085,No docente
701,Gaby,Sighart,16246086,No docente
702,Krista,Sawforde,16246087,No docente
703,Elfrieda,Hugin,16246088,No docente
704,Rickard,Jammes,16246089,No docente
705,Sianna,Snadden,16246090,No docente
706,Rosabel,Hrinishin,16246091,No docente
707,Charlotte,Tuite,16246092,No docente
708,Marina,Dureden,16246093,No docente
709,Shane,Reaman,16246094,No docente
710,Zebulon,Pownall,16246095,No docente
711,Gannie,Wederell,16246096,No docente
712,Melisandra,Frany,16246097,No docente
713,Jennie,Newlands,16246098,No docente
714,Jackson,Kill,16246099,No docente
715,Penelopa,Matuszynski,16246100,No docente
716,Mary,Wiz,16246101,No docente
717,Tiffie,Schrir,16246102,No docente
718,Florentia,Kernaghan,16246103,No docente
719,Ricki,Latimer,16246104,No docente
720,Kynthia,Delagnes,16246105,No docente
721,Daryl,Ibanez,16246106,No docente
722,Malva,Jentle,16246107,No docente
723,Josefina,Cohalan,16246108,No docente
724,Pierre,Drought,16246109,No docente
725,Ollie,Biner,16246110,No docente
726,Marni,Ketcher,16246111,No docente
727,Sharlene,Geany,16246112,Docente
728,Cthrine,Ramsby,16246113,No docente
729,Merna,Deshon,16246114,No docente
730,Robina,Bruin,16246115,No docente
731,Ernest,Ort,16246116,No docente
732,Sayer,Presidey,16246117,No docente
733,Georgeanne,Menchenton,16246118,No docente
734,Ginger,Barenskie,16246119,No docente
735,Wayland,Doodson,16246120,No docente
736,Elayne,Iskower,16246121,No docente
737,Harriot,Kynder,16246122,No docente
738,Adore,Hunnicutt,16246123,No docente
739,Winnah,Butchart,16246124,No docente
740,Forrest,Houndson,16246125,No docente
741,Alexina,Robertz,16246126,No docente
742,Mario,Mulvenna,16246127,No docente
743,Buckie,Basil,16246128,No docente
744,Sanson,Cornelius,16246129,No docente
745,Ax,Zotto,16246130,No docente
746,Garvy,Turton,16246131,No docente
747,Gina,Heggman,16246132,No docente
748,Morie,Matic,16246133,No docente
749,Marissa,Caskey,16246134,No docente
750,Wes,Heinrici,16246135,No docente
751,Jarrod,Ithell,16246136,No docente
752,Emmit,Bentz,16246137,No docente
753,Kellen,Stones,16246138,No docente
754,Korie,Kerry,16246139,No docente
755,Nadeen,Ales0,16246140,No docente
756,Thain,Giraldon,16246141,No docente
757,Kain,Manders,16246142,No docente
758,Lucian,Boutellier,16246143,No docente
759,Juline,Spores,16246144,No docente
760,Feliza,Drinkel,16246145,No docente
761,Nikki,Estick,16246146,No docente
762,Glenden,Utterson,16246147,No docente
763,Laurella,Pinch,16246148,No docente
764,Hughie,Drinkall,16246149,No docente
765,Rorke,Slany,16246150,No docente
766,Lyn,Dilrew,16246151,No docente
767,Des,Lanfer,16246152,No docente
768,Whitaker,Rubinowitz,16246153,No docente
769,Jamill,Weston,16246154,No docente
770,Tripp,Smith,16246155,No docente
771,Myrwyn,Heikkinen,16246156,No docente
772,Tawsha,Symons,16246157,No docente
773,Belicia,Titterington,16246158,No docente
774,Anselma,Biford,16246159,No docente
775,Terrye,Dugdale,16246160,No docente
776,Ardyce,Maddrell,16246161,No docente
777,Lynnett,Dulwitch,16246162,No docente
778,Shelly,Dillestone,16246163,Docente
779,Gard,Gather,16246164,No docente
780,Chickie,Dary,16246165,No docente
781,Carleton,Armsby,16246166,No docente
782,Ellyn,Calf,16246167,No docente
783,Jacki,Patemore,16246168,No docente
784,Edgar,Jakes,16246169,No docente
785,Kristen,Sedman,16246170,No docente
786,Enrika,Mallatratt,16246171,No docente
787,Shell,Verlander,16246172,No docente
788,Moise,Mitchener,16246173,No docente
789,Beverlee,Emptage,16246174,No docente
790,Nadean,Miskelly,16246175,No docente
791,Cy,Dammarell,16246176,No docente
792,Darice,Loachhead,16246177,No docente
793,Fenelia,Innocenti,16246178,No docente
794,Aime,Vollam,16246179,No docente
795,Babs,Bentame,16246180,No docente
796,Alexandrina,Cory,16246181,No docente
797,Town,Paddon,16246182,No docente
798,Birch,Harsent,16246183,No docente
799,Sibyl,Lowry,16246184,No docente
800,Rancell,Daintree,16246185,No docente
801,Dar,Smails,16246186,No docente
802,Jehu,Falloon,16246187,No docente
803,Quinn,Pischof,16246188,No docente
804,Meriel,Ditty,16246189,No docente
805,Kirstyn,Barnicott,16246190,No docente
806,Urbain,Lait,16246191,No docente
807,Desdemona,Carrel,16246192,No docente
808,Lynnell,Weatherup,16246193,No docente
809,Saba,Fiddymont,16246194,No docente
810,Allison,Scamadine,16246195,No docente
811,Datha,Lopes,16246196,No docente
812,Billi,Savaage,16246197,No docente
813,Saunderson,Doble,16246198,No docente
814,Corrine,Alfonzo,16246199,No docente
815,Thurstan,Lanchester,16246200,No docente
816,Veronique,Hillam,16246201,No docente
817,Celestyn,Calf,16246202,No docente
818,Linoel,Dungay,16246203,No docente
819,Harriett,Ford,16246204,No docente
820,Tonia,Enbury,16246205,No docente
821,Sawyer,Pomfret,16246206,No docente
822,Aldrich,Haps,16246207,No docente
823,Arabel,Brito,16246208,No docente
824,Westbrooke,Bysouth,16246209,No docente
825,Caleb,Hefford,16246210,No docente
826,Templeton,Brehat,16246211,No docente
827,Abbye,Omand,16246212,No docente
828,Mario,Valentinuzzi,16246213,No docente
829,Devina,Agott,16246214,No docente
830,Fowler,Tree,16246215,No docente
831,Rodrique,Hooks,16246216,No docente
832,Merill,Killingbeck,16246217,No docente
833,Caldwell,Hub,16246218,No docente
834,Kelsi,Maggiore,16246219,No docente
835,Augustina,Cull,16246220,No docente
836,Nissie,Janda,16246221,Docente
837,Cecilio,Yaknov,16246222,No docente
838,Jessamine,Dobrowski,16246223,No docente
839,Eliza,Luno,16246224,No docente
840,Berti,Gambie,16246225,No docente
841,Colver,Sara,16246226,No docente
842,Simonne,Poacher,16246227,No docente
843,Alec,Tison,16246228,No docente
844,Adolph,Espinas,16246229,No docente
845,Nicola,Karlmann,16246230,No docente
846,Pierce,Pimbley,16246231,No docente
847,Webb,Peirone,16246232,No docente
848,Corena,McGillivray,16246233,No docente
849,Jilly,Skechley,16246234,No docente
850,Colby,Veldman,16246235,No docente
851,Chiquita,Gonzalo,16246236,No docente
852,Brook,Franceschi,16246237,No docente
853,Gabby,Sarginson,16246238,No docente
854,Davina,Lissett,16246239,No docente
855,Brandtr,Artz,16246240,No docente
856,Cicily,Lumm,16246241,No docente
857,Ralf,Rushbrook,16246242,No docente
858,Sunshine,Athow,16246243,No docente
859,Shurwood,Chaves,16246244,No docente
860,Pip,Gullifant,16246245,No docente
861,Dolorita,Delyth,16246246,No docente
862,Julieta,Jezard,16246247,No docente
863,Fenelia,Laying,16246248,No docente
864,Katusha,Snugg,16246249,No docente
865,Mata,Bannard,16246250,No docente
866,Jeanine,Rudyard,16246251,No docente
867,Rocky,Ivanyushkin,16246252,No docente
868,Justino,Coaster,16246253,No docente
869,Dallas,Slite,16246254,No docente
870,Hayden,Scading,16246255,No docente
871,Jackie,Foulds,16246256,No docente
872,Christiana,Sinclaire,16246257,No docente
873,Tamas,Geydon,16246258,No docente
874,Yevette,Gounet,16246259,No docente
875,Carla,Bigly,16246260,No docente
876,Thoma,Kondratyuk,16246261,No docente
877,Teriann,Cogley,16246262,No docente
878,Alessandro,Gimblet,16246263,No docente
879,Hobart,Yurygyn,16246264,No docente
880,Bay,Hawes,16246265,No docente
881,Darla,Rawle,16246266,No docente
882,Mariellen,Oakly,16246267,No docente
883,Berthe,Lankham,16246268,No docente
884,Neel,Argo,16246269,No docente
885,Julian,Hutcheon,16246270,No docente
886,Pavel,Vaskin,16246271,No docente
887,Davie,Garbar,16246272,No docente
888,Bernette,Semble,16246273,No docente
889,Deonne,Flagg,16246274,No docente
890,Roxana,Felton,16246275,No docente
891,Dyana,MacCosty,16246276,No docente
892,Templeton,Ducrow,16246277,No docente
893,Darby,Totterdell,16246278,Docente
894,Annamarie,Worswick,16246279,No docente
895,Arleta,Casey,16246280,No docente
896,Rudyard,Guppie,16246281,No docente
897,Myranda,Yelland,16246282,No docente
898,Silvain,Pardey,16246283,No docente
899,Arvie,Vickarman,16246284,No docente
900,Holmes,Bremen,16246285,No docente
901,Giselbert,Plowman,16246286,No docente
902,Coop,Blann,16246287,No docente
903,Trish,Romanski,16246288,No docente
904,Shea,Goffe,16246289,No docente
905,Lexine,Poynzer,16246290,No docente
906,Malcolm,Androsik,16246291,No docente
907,Reidar,Doiley,16246292,No docente
908,Sharai,Davitti,16246293,No docente
909,Leona,Coot,16246294,No docente
910,Tome,Schwerin,16246295,No docente
911,Stillmann,Doubleday,16246296,No docente
912,Jaquelin,Trickett,16246297,No docente
913,Ozzy,Ingree,16246298,No docente
914,Emelita,Looker,16246299,No docente
915,Lockwood,Marchbank,16246300,No docente
916,Sioux,Rasor,16246301,No docente
917,Zane,Heazel,16246302,No docente
918,Cynthie,Presho,16246303,No docente
919,Cristin,Haggerty,16246304,No docente
920,Enos,Hounsome,16246305,No docente
921,Alika,Petrenko,16246306,No docente
922,Charlotta,Frammingham,16246307,No docente
923,Teddy,Baskett,16246308,No docente
924,Brittany,Eisak,16246309,No docente
925,Nichols,Driver,16246310,No docente
926,Lanna,Lockley,16246311,No docente
927,Erina,Pettwood,16246312,No docente
928,Mercy,Mirando,16246313,No docente
929,Sigismundo,Basden,16246314,No docente
930,Arleen,Lissandre,16246315,No docente
931,Ferd,Gergler,16246316,No docente
932,Dallon,Mabbett,16246317,No docente
933,Gregoor,Seear,16246318,No docente
934,Thor,Hulburd,16246319,No docente
935,Sandie,Cottom,16246320,No docente
936,Alic,Kersey,16246321,No docente
937,Hedvig,Tembridge,16246322,No docente
938,Duffie,Mann,16246323,No docente
939,Minnie,Eadie,16246324,No docente
940,Micki,Tilson,16246325,No docente
941,Meghan,Minmagh,16246326,No docente
942,Donaugh,Gutherson,16246327,No docente
943,Vachel,O' Shea,16246328,No docente
944,Basilius,Talman,16246329,No docente
945,Seline,Brigg,16246330,No docente
946,Paolina,Bohlin,16246331,No docente
947,Farlee,McCurdy,16246332,No docente
948,Aryn,Helis,16246333,No docente
949,Evyn,Crookshank,16246334,Docente
950,Hogan,Pedroli,16246335,No docente
951,Ansley,Gudyer,16246336,No docente
952,Bayard,Woodier,16246337,No docente
953,Herschel,Gookey,16246338,No docente
954,Lesley,Goodfellowe,16246339,No docente
955,Georgetta,Hallgate,16246340,No docente
956,Dasha,Willmont,16246341,No docente
957,Karoline,Cohn,16246342,No docente
958,Jillian,Iacomettii,16246343,No docente
959,Mira,Belfield,16246344,No docente
960,Adey,Murfin,16246345,No docente
961,Burnard,Spreadbury,16246346,No docente
962,Phylys,Linsey,16246347,No docente
963,Nathanil,Bozward,16246348,No docente
964,Desirae,Timoney,16246349,No docente
965,Woody,Checkley,16246350,No docente
966,Paul,Ewbanke,16246351,No docente
967,Nikolia,Gobel,16246352,No docente
968,Jasmin,Monday,16246353,No docente
969,Arlene,Poulter,16246354,No docente
970,Donni,Sowthcote,16246355,No docente
971,Jania,Pallent,16246356,No docente
972,Mattias,Hubble,16246357,No docente
973,Page,Pulver,16246358,No docente
974,Kassandra,Spreadbury,16246359,No docente
975,Christophe,Newlands,16246360,No docente
976,Cleon,Chorley,16246361,No docente
977,Minerva,Vannuchi,16246362,No docente
978,Seward,Micheau,16246363,No docente
979,Claiborn,Vairow,16246364,No docente
980,Pearla,Thrift,16246365,No docente
981,Andriana,Haborn,16246366,No docente
982,Albrecht,McKendry,16246367,No docente
983,Glennie,Bownass,16246368,No docente
984,Hewet,Arnolds,16246369,No docente
985,Westley,Polo,16246370,No docente
986,Zebulon,Ficken,16246371,No docente
987,Carie,Mimmack,16246372,No docente
988,Gerick,Whitsey,16246373,No docente
989,Jethro,Melwall,16246374,No docente
990,Reynard,Newsham,16246375,No docente
991,Sherline,Gregr,16246376,No docente
992,Ferdie,Kenningham,16246377,No docente
993,Eryn,Giametti,16246378,No docente
994,Birch,Skase,16246379,No docente
995,Aveline,Snepp,16246380,Docente
996,Levey,Durrand,16246381,No docente
997,Roseanna,Orteaux,16246382,No docente
998,Fayth,Panketh,16246383,No docente
999,Eda,Frodsam,16246384,No docente
1000,Kaleena,Reyner,16246385,No docente
